Date,Symbol,Open,High,Low,Close,Volume
2021-01-04,VRE,30420.0,31340.0,30320.0,30570.0,9299700
2021-01-05,VRE,30570.0,32350.0,30420.0,32159.999999999996,11968500
2021-01-06,VRE,32689.999999999996,32740.000000000004,31920.0,32060.000000000004,9706700
2021-01-07,VRE,32060.000000000004,32740.000000000004,31870.0,32740.000000000004,8942200
2021-01-08,VRE,33130.0,35010.0,33130.0,34280.0,11122400
2021-01-11,VRE,34280.0,36020.0,34190.0,35880.0,8820500
2021-01-12,VRE,36020.0,36020.0,34960.0,35440.0,8633100
2021-01-13,VRE,35440.0,35880.0,33800.0,34960.0,7540500
2021-01-14,VRE,34960.0,35730.0,34090.0,35350.0,7599400
2021-01-15,VRE,35440.0,35730.0,35150.0,35440.0,3366600
2021-01-18,VRE,35730.0,36650.0,35640.0,36070.0,5151900
2021-01-19,VRE,35780.0,36020.0,33560.0,36020.0,7316800
2021-01-20,VRE,35640.0,36070.0,33800.0,35540.0,6873100
2021-01-21,VRE,35540.0,35730.0,34670.0,35350.0,6989100
2021-01-22,VRE,35350.0,36460.0,35110.0,35640.0,7256800
2021-01-25,VRE,35640.0,36990.0,35350.0,36510.0,6559800
2021-01-26,VRE,36510.0,36600.0,34570.0,35730.0,3655500
2021-01-27,VRE,34770.0,35250.0,33270.0,33270.0,6401900
2021-01-28,VRE,30950.0,31100.0,30950.0,30950.0,3181000
2021-01-29,VRE,28830.0,32450.000000000004,28830.0,30950.0,13579200
2021-02-01,VRE,30900.0,30950.0,28970.0,28970.0,7498800
2021-02-02,VRE,28780.0,30900.0,27720.0,30860.0,8546600
2021-02-03,VRE,31000.0,32689.999999999996,30860.0,31970.0,5472800
2021-02-04,VRE,31970.0,32640.0,31390.0,31480.0,4110300
2021-02-05,VRE,31480.0,31870.0,31340.0,31580.0,3746700
2021-02-08,VRE,31580.0,31580.0,29410.0,29840.0,10110300
2021-02-09,VRE,30130.0,30900.0,29070.0,30470.0,6417300
2021-02-17,VRE,30810.0,32590.000000000004,30570.0,32590.000000000004,5097100
2021-02-18,VRE,32740.000000000004,33660.0,31870.0,33660.0,7076500
2021-02-19,VRE,33220.0,33900.0,32930.0,33320.0,4599200
2021-02-22,VRE,33320.0,33700.0,32840.0,32980.0,4038700
2021-02-23,VRE,33030.0,33420.0,32930.0,33220.0,4783700
2021-02-24,VRE,33320.0,33610.0,31870.0,32549.999999999996,5262900
2021-02-25,VRE,32930.0,32980.0,32210.0,32590.000000000004,4225800
2021-02-26,VRE,32060.000000000004,32450.000000000004,31870.0,32060.000000000004,5168300
2021-03-01,VRE,32549.999999999996,33220.0,32259.999999999996,33080.0,5383600
2021-03-02,VRE,33800.0,33990.0,33130.0,33510.0,6292000
2021-03-03,VRE,33420.0,34770.0,32930.0,34280.0,6916300
2021-03-04,VRE,34670.0,34670.0,32840.0,33370.0,3774600
2021-03-05,VRE,33030.0,33750.0,31970.0,33370.0,4886800
2021-03-08,VRE,33800.0,33990.0,33030.0,33270.0,4501400
2021-03-09,VRE,32930.0,33320.0,32450.000000000004,32930.0,3258000
2021-03-10,VRE,32930.0,33320.0,32840.0,32980.0,3109000
2021-03-11,VRE,33320.0,33510.0,33080.0,33170.0,2683500
2021-03-12,VRE,33170.0,33610.0,33170.0,33460.0,3713000
2021-03-15,VRE,33170.0,33460.0,33130.0,33270.0,3034700
2021-03-16,VRE,33420.0,33950.0,33320.0,33610.0,5860500
2021-03-17,VRE,33700.0,34190.0,33610.0,33660.0,5558500
2021-03-18,VRE,34090.0,34190.0,33610.0,33800.0,3154200
2021-03-19,VRE,33700.0,34240.0,32840.0,32840.0,9786500
2021-03-22,VRE,33510.0,33800.0,33320.0,33420.0,4091000
2021-03-23,VRE,33420.0,33420.0,32840.0,32980.0,4290000
2021-03-24,VRE,32450.000000000004,32840.0,31870.0,32259.999999999996,5717400
2021-03-25,VRE,32259.999999999996,32549.999999999996,31580.0,31730.0,5291700
2021-03-26,VRE,31390.0,31630.0,30130.0,31100.0,6718200
2021-03-29,VRE,31390.0,32110.0,31100.0,31920.0,4460500
2021-03-30,VRE,31920.0,32009.999999999996,31390.0,31480.0,5262800
2021-03-31,VRE,31480.0,31870.0,31480.0,31580.0,4520600
2021-04-01,VRE,31580.0,32740.000000000004,31580.0,32689.999999999996,5486600
2021-04-02,VRE,33030.0,33320.0,32590.000000000004,32689.999999999996,4192100
2021-04-05,VRE,34280.0,34280.0,32840.0,33320.0,6891100
2021-04-06,VRE,33320.0,34240.0,33220.0,33800.0,8548000
2021-04-07,VRE,33900.0,34280.0,33610.0,34190.0,6779600
2021-04-08,VRE,34480.0,34480.0,33900.0,34090.0,5971100
2021-04-09,VRE,33990.0,34190.0,33800.0,33800.0,5329800
2021-04-12,VRE,33800.0,34190.0,33700.0,34090.0,5452100
2021-04-13,VRE,34570.0,35540.0,34090.0,34090.0,11697800
2021-04-14,VRE,33900.0,34040.0,33460.0,33800.0,5803300
2021-04-15,VRE,34090.0,34090.0,32840.0,32840.0,6016800
2021-04-16,VRE,32640.0,33270.0,31680.0,32790.0,6772000
2021-04-19,VRE,32640.0,33030.0,31870.0,32790.0,4122400
2021-04-20,VRE,33030.0,34860.0,32980.0,33420.0,13595800
2021-04-22,VRE,33420.0,33990.0,31100.0,31100.0,7978600
2021-04-23,VRE,31390.0,31870.0,31100.0,31680.0,8772400
2021-04-26,VRE,31870.0,31870.0,30080.0,30080.0,11318300
2021-04-27,VRE,30080.0,30280.0,29500.0,29550.0,6825200
2021-04-28,VRE,29940.0,30660.0,29750.0,30420.0,7556200
2021-04-29,VRE,30810.0,31340.0,30470.0,30900.0,5847200
2021-05-04,VRE,30420.0,30570.0,29460.0,30230.0,7193500
2021-05-05,VRE,30230.0,30900.0,30230.0,30520.0,9862900
2021-05-06,VRE,30860.0,31240.0,30130.0,30130.0,5084700
2021-05-07,VRE,30230.0,30520.0,29750.0,29940.0,5678000
2021-05-10,VRE,29460.0,30860.0,29360.0,30660.0,8658400
2021-05-11,VRE,30810.0,30810.0,29940.0,29940.0,5114700
2021-05-12,VRE,29940.0,30420.0,29750.0,30130.0,3752800
2021-05-13,VRE,30130.0,30230.0,29840.0,29840.0,4782600
2021-05-14,VRE,30030.0,30130.0,29600.0,29600.0,4716600
2021-05-17,VRE,29650.0,30610.0,29650.0,29650.0,5595900
2021-05-18,VRE,29750.0,30030.0,28970.0,28970.0,6236900
2021-05-19,VRE,28970.0,29360.0,28010.0,28340.0,12028000
2021-05-20,VRE,28490.0,28540.0,27810.0,28490.0,7526000
2021-05-21,VRE,28490.0,29460.0,28010.0,29310.0,6579600
2021-05-24,VRE,29410.0,30080.0,29360.0,29790.0,5061400
2021-05-25,VRE,29890.0,30370.0,29550.0,30130.0,7140900
2021-05-26,VRE,29940.0,30370.0,29650.0,30180.0,5261200
2021-05-27,VRE,30130.0,30180.0,29410.0,29700.0,4995200
2021-05-28,VRE,29650.0,29650.0,28970.0,29500.0,6456400
2021-05-31,VRE,28970.0,29070.0,28300.0,28390.0,8050500
2021-06-01,VRE,28200.0,29840.0,28100.0,29650.0,6032600
2021-06-02,VRE,29750.0,29750.0,28970.0,29070.0,4443800
2021-06-03,VRE,29070.0,29650.0,28680.0,29460.0,8184300
2021-06-04,VRE,29460.0,31390.0,29360.0,31100.0,14241700
2021-06-07,VRE,31480.0,32549.999999999996,31480.0,32210.0,9584700
2021-06-08,VRE,31870.0,32350.0,30570.0,30570.0,8044700
2021-06-09,VRE,30520.0,30900.0,29840.0,30610.0,7480400
2021-06-10,VRE,30420.0,30810.0,29750.0,29750.0,5139200
2021-06-11,VRE,30030.0,30710.0,29940.0,30420.0,4273200
2021-06-14,VRE,30520.0,31390.0,30420.0,30860.0,6417700
2021-06-15,VRE,30860.0,31770.0,30860.0,31730.0,5436900
2021-06-16,VRE,31730.0,32259.999999999996,31390.0,31680.0,5055400
2021-06-17,VRE,31390.0,32009.999999999996,31000.0,31730.0,5670600
2021-06-18,VRE,32110.0,32110.0,30950.0,31390.0,4117900
2021-06-21,VRE,30950.0,31290.0,30610.0,30710.0,4194500
2021-06-22,VRE,30900.0,31190.0,30420.0,30420.0,3411300
2021-06-23,VRE,30370.0,31150.0,30320.0,30420.0,3755900
2021-06-24,VRE,30420.0,30900.0,30370.0,30900.0,3112800
2021-06-25,VRE,31000.0,31100.0,30520.0,30520.0,3583400
2021-06-28,VRE,30860.0,30860.0,30420.0,30710.0,2856800
2021-06-29,VRE,30860.0,30860.0,30520.0,30610.0,2417000
2021-06-30,VRE,30760.0,31680.0,30660.0,30660.0,6521500
2021-07-01,VRE,30900.0,31100.0,30570.0,30710.0,3093100
2021-07-02,VRE,30760.0,30810.0,30610.0,30610.0,2781500
2021-07-05,VRE,30610.0,30610.0,28490.0,28490.0,6662800
2021-07-06,VRE,29360.0,29360.0,28490.0,28490.0,5397600
2021-07-07,VRE,28490.0,29840.0,28150.0,29840.0,5457900
2021-07-08,VRE,29260.0,29460.0,28390.0,28880.0,3603700
2021-07-09,VRE,28440.0,28540.0,27040.0,27040.0,5021600
2021-07-12,VRE,27040.0,27720.0,25210.0,26080.0,6542100
2021-07-13,VRE,26170.0,26900.0,26170.0,26900.0,2816200
2021-07-14,VRE,26900.0,27860.0,26900.0,27280.0,4354900
2021-07-15,VRE,27140.0,27280.0,26700.0,27040.0,3686300
2021-07-16,VRE,27190.0,27330.0,26750.0,26750.0,2843200
2021-07-19,VRE,26080.0,26460.0,24960.0,25880.0,5381900
2021-07-20,VRE,25300.0,25980.0,24240.0,25790.0,6793100
2021-07-21,VRE,25690.0,26800.0,25110.0,26460.0,5555000
2021-07-22,VRE,26080.0,27280.0,25830.0,27230.0,4408400
2021-07-23,VRE,26850.0,27040.0,26080.0,26080.0,4913500
2021-07-26,VRE,25590.0,26270.0,25500.0,25830.0,3122400
2021-07-27,VRE,26560.0,26990.0,26370.0,26700.0,6060400
2021-07-28,VRE,26650.0,26650.0,26220.0,26270.0,2228600
2021-07-29,VRE,26370.0,26940.0,26170.0,26410.0,4172300
2021-07-30,VRE,26560.0,26750.0,26370.0,26700.0,5044600
2021-08-02,VRE,26460.0,26850.0,26370.0,26560.0,3205800
2021-08-03,VRE,26460.0,27480.0,26410.0,27330.0,8860000
2021-08-04,VRE,27430.0,27430.0,26940.0,26940.0,4037900
2021-08-05,VRE,26940.0,27090.0,26800.0,26990.0,4302900
2021-08-06,VRE,27040.0,27480.0,26800.0,26990.0,6698200
2021-08-09,VRE,27040.0,27770.0,26990.0,27620.0,6773500
2021-08-10,VRE,27720.0,28010.0,27280.0,27380.0,4428600
2021-08-11,VRE,27430.0,27520.0,27040.0,27040.0,5805700
2021-08-12,VRE,26990.0,27430.0,26940.0,27040.0,5302100
2021-08-13,VRE,27040.0,27280.0,26850.0,27040.0,4774700
2021-08-16,VRE,27140.0,27910.0,27140.0,27520.0,5965500
2021-08-17,VRE,27520.0,27770.0,27040.0,27090.0,3881200
2021-08-18,VRE,27040.0,27190.0,26850.0,26850.0,4640800
2021-08-19,VRE,26850.0,27140.0,26610.0,26990.0,3943600
2021-08-20,VRE,26940.0,26940.0,25790.0,26120.0,6750800
2021-08-23,VRE,25790.0,25930.0,25160.0,25160.0,5284200
2021-08-24,VRE,25060.0,25450.0,25010.0,25250.0,4238300
2021-08-25,VRE,25250.0,25690.0,25160.0,25400.0,2545700
2021-08-26,VRE,25690.0,25930.0,25450.0,25540.0,2511500
2021-08-27,VRE,25540.0,25880.0,25400.0,25880.0,2874100
2021-08-30,VRE,25980.0,26320.0,25790.0,26270.0,2372200
2021-08-31,VRE,26270.0,26370.0,25930.0,26370.0,2447900
2021-09-01,VRE,26170.0,26940.0,26080.0,26940.0,3582100
2021-09-06,VRE,27040.0,27230.0,27040.0,27140.0,2869700
2021-09-07,VRE,27040.0,27140.0,26270.0,26270.0,3358200
2021-09-08,VRE,26510.0,26510.0,26120.0,26170.0,2289400
2021-09-09,VRE,26170.0,26990.0,26120.0,26510.0,3537300
2021-09-10,VRE,26650.0,27380.0,26650.0,27040.0,5818900
2021-09-13,VRE,27140.0,27330.0,26900.0,26940.0,4681800
2021-09-14,VRE,27520.0,27810.0,27230.0,27330.0,6595600
2021-09-15,VRE,27040.0,27670.0,27040.0,27570.0,4857400
2021-09-16,VRE,27810.0,29260.0,27720.0,28970.0,14831000
2021-09-17,VRE,29170.0,29410.0,28200.0,28200.0,11870000
2021-09-20,VRE,28590.0,29120.0,28200.0,28300.0,6019900
2021-09-21,VRE,27520.0,28150.0,26410.0,27430.0,8415800
2021-09-22,VRE,27430.0,27810.0,27040.0,27480.0,4080100
2021-09-23,VRE,27620.0,27910.0,27330.0,27910.0,3152500
2021-09-24,VRE,27910.0,27960.0,27280.0,27520.0,3026000
2021-09-27,VRE,27520.0,27770.0,27140.0,27280.0,3657800
2021-09-28,VRE,27230.0,27620.0,26940.0,27520.0,3401100
2021-09-29,VRE,27520.0,27570.0,27040.0,27330.0,2420400
2021-09-30,VRE,27380.0,28100.0,27380.0,28100.0,5663200
2021-10-01,VRE,28100.0,28100.0,27230.0,27230.0,5257400
2021-10-04,VRE,27280.0,27620.0,27090.0,27280.0,3503500
2021-10-05,VRE,27280.0,27620.0,27280.0,27480.0,3380200
2021-10-06,VRE,27570.0,28390.0,27520.0,28390.0,5674000
2021-10-07,VRE,28390.0,28540.0,28150.0,28300.0,4081600
2021-10-08,VRE,28340.0,28440.0,28150.0,28150.0,3211900
2021-10-11,VRE,28300.0,29460.0,28300.0,29410.0,9514300
2021-10-12,VRE,29550.0,29940.0,29360.0,29750.0,7706200
2021-10-13,VRE,29750.0,29840.0,29310.0,29360.0,4774400
2021-10-14,VRE,29260.0,29840.0,29170.0,29650.0,4094600
2021-10-15,VRE,29650.0,29790.0,29360.0,29460.0,2438000
2021-10-18,VRE,29650.0,30130.0,29410.0,29750.0,5583000
2021-10-19,VRE,29750.0,29750.0,29260.0,29260.0,3672000
2021-10-20,VRE,29260.0,30030.0,29170.0,29890.0,6908600
2021-10-21,VRE,29790.0,29990.0,29550.0,29550.0,5049000
2021-10-22,VRE,29550.0,29940.0,29500.0,29600.0,6222800
2021-10-25,VRE,29700.0,29700.0,29360.0,29360.0,4937100
2021-10-26,VRE,29260.0,29550.0,28390.0,29550.0,7925500
2021-10-27,VRE,29550.0,30130.0,29460.0,30130.0,10007100
2021-10-28,VRE,30420.0,30420.0,29750.0,29940.0,7355600
2021-10-29,VRE,29940.0,30130.0,29650.0,30130.0,10513500
2021-11-01,VRE,30320.0,30320.0,29840.0,30080.0,10261800
2021-11-02,VRE,30130.0,30130.0,29650.0,29790.0,8209600
2021-11-03,VRE,29990.0,31390.0,29750.0,30610.0,13730900
2021-11-04,VRE,30660.0,30860.0,30130.0,30470.0,6827500
2021-11-05,VRE,30810.0,30810.0,29990.0,30130.0,5909000
2021-11-08,VRE,29940.0,30130.0,29700.0,29790.0,8782700
2021-11-09,VRE,29750.0,29790.0,29310.0,29360.0,9569900
2021-11-10,VRE,29360.0,29990.0,29360.0,29840.0,7357000
2021-11-11,VRE,29890.0,29940.0,29260.0,29260.0,7440400
2021-11-12,VRE,29360.0,29360.0,28970.0,29070.0,6538800
2021-11-15,VRE,29260.0,29500.0,29070.0,29170.0,7837800
2021-11-16,VRE,29260.0,29550.0,28970.0,29020.0,5663300
2021-11-17,VRE,29070.0,29460.0,29020.0,29410.0,6727900
2021-11-18,VRE,29410.0,30130.0,29310.0,30030.0,12992900
2021-11-19,VRE,30030.0,30320.0,28970.0,29460.0,10339200
2021-11-22,VRE,29460.0,29550.0,28880.0,28880.0,5636600
2021-11-23,VRE,28630.0,29460.0,28340.0,29120.0,7276000
2021-11-24,VRE,29170.0,30320.0,29070.0,30030.0,10222300
2021-11-25,VRE,30420.0,30610.0,29750.0,29790.0,11957400
2021-11-26,VRE,29750.0,30320.0,29260.0,29360.0,12697200
2021-11-29,VRE,28780.0,29650.0,28780.0,29120.0,9488000
2021-11-30,VRE,29310.0,29360.0,28590.0,28780.0,9891400
2021-12-01,VRE,28830.0,29360.0,28590.0,28680.0,7203300
2021-12-02,VRE,28680.0,28880.0,28630.0,28630.0,3984100
2021-12-03,VRE,28680.0,28880.0,27140.0,27140.0,10289600
2021-12-06,VRE,27140.0,27670.0,26940.0,27040.0,8876400
2021-12-07,VRE,27190.0,28920.0,27190.0,28920.0,8994800
2021-12-08,VRE,28920.0,29550.0,28880.0,29070.0,9301000
2021-12-09,VRE,28970.0,29460.0,28680.0,29410.0,9697000
2021-12-10,VRE,29170.0,29500.0,29070.0,29310.0,6830900
2021-12-13,VRE,29360.0,29500.0,29170.0,29410.0,7974300
2021-12-14,VRE,29310.0,29410.0,29070.0,29170.0,5586400
2021-12-15,VRE,29210.0,29360.0,29020.0,29360.0,4180000
2021-12-16,VRE,29460.0,29500.0,29070.0,29070.0,4561100
2021-12-17,VRE,29120.0,30470.0,29070.0,29750.0,14701000
2021-12-20,VRE,29750.0,30320.0,29750.0,29990.0,7941600
2021-12-21,VRE,29990.0,30760.0,29750.0,30320.0,10867100
2021-12-22,VRE,30420.0,30810.0,29940.0,30420.0,8606500
2021-12-23,VRE,30660.0,30710.0,29840.0,29940.0,8710200
2021-12-24,VRE,29940.0,30420.0,29750.0,30180.0,6393100
2021-12-27,VRE,30420.0,30420.0,29840.0,30230.0,4668000
2021-12-28,VRE,30230.0,30280.0,29600.0,29750.0,5740600
2021-12-29,VRE,29750.0,30370.0,29410.0,29500.0,5010000
2021-12-30,VRE,29460.0,30080.0,29360.0,29460.0,4061200
2021-12-31,VRE,29500.0,29990.0,29070.0,29070.0,6177200
2022-01-04,VRE,29260.0,30420.0,29260.0,30080.0,8227900
2022-01-05,VRE,30180.0,32159.999999999996,30180.0,32159.999999999996,10789700
2022-01-06,VRE,33320.0,34380.0,32930.0,34380.0,24897800
2022-01-07,VRE,34720.0,35730.0,33560.0,33560.0,16447000
2022-01-10,VRE,33460.0,35250.0,33460.0,33800.0,9998900
2022-01-11,VRE,33610.0,34380.0,32790.0,33030.0,13557200
2022-01-12,VRE,32790.0,34820.0,31100.0,34770.0,17913300
2022-01-13,VRE,34860.0,35010.0,32640.0,32640.0,10549600
2022-01-14,VRE,31870.0,33460.0,31870.0,33220.0,5549300
2022-01-17,VRE,33030.0,33510.0,30900.0,30900.0,10933900
2022-01-18,VRE,30520.0,32060.000000000004,30420.0,31290.0,9207200
2022-01-19,VRE,31480.0,32159.999999999996,31390.0,32110.0,4998000
2022-01-20,VRE,31770.0,33130.0,31580.0,32450.000000000004,5387000
2022-01-21,VRE,32500.0,32840.0,31970.0,31970.0,4567900
2022-01-24,VRE,31970.0,31970.0,29940.0,29940.0,6704400
2022-01-25,VRE,30760.0,32009.999999999996,29940.0,32009.999999999996,6177100
2022-01-26,VRE,32450.000000000004,34040.0,32009.999999999996,32740.000000000004,8966300
2022-01-27,VRE,32640.0,33750.0,32450.000000000004,33030.0,6133600
2022-01-28,VRE,32930.0,34570.0,32930.0,33750.0,9720700
2022-02-07,VRE,34570.0,35590.0,33900.0,34280.0,12205700
2022-02-08,VRE,34280.0,34720.0,33800.0,34280.0,5480400
2022-02-09,VRE,34280.0,34670.0,34190.0,34670.0,5340100
2022-02-10,VRE,34770.0,35440.0,34090.0,34770.0,11025800
2022-02-11,VRE,34720.0,34720.0,33420.0,33420.0,7741700
2022-02-14,VRE,32450.000000000004,33080.0,31870.0,31870.0,9234200
2022-02-15,VRE,31870.0,32840.0,31580.0,32840.0,8107200
2022-02-16,VRE,33030.0,33270.0,32590.000000000004,33130.0,4748300
2022-02-17,VRE,33130.0,33560.0,32840.0,33270.0,3764700
2022-02-18,VRE,32840.0,33170.0,32350.0,32450.000000000004,6182000
2022-02-21,VRE,32400.0,33030.0,32299.999999999996,32930.0,5509700
2022-02-22,VRE,32740.000000000004,33610.0,32350.0,33320.0,7445200
2022-02-23,VRE,33750.0,34240.0,33420.0,33700.0,6769800
2022-02-24,VRE,33460.0,33700.0,32009.999999999996,32840.0,12182800
2022-02-25,VRE,33220.0,33320.0,32840.0,32840.0,4080500
2022-02-28,VRE,32840.0,33030.0,32350.0,32350.0,5203100
2022-03-01,VRE,32350.0,32740.000000000004,32159.999999999996,32350.0,4021300
2022-03-02,VRE,32259.999999999996,32350.0,31480.0,31680.0,7563900
2022-03-03,VRE,31870.0,31970.0,31390.0,31580.0,6796000
2022-03-04,VRE,31530.0,32840.0,31240.0,32590.000000000004,12248000
2022-03-07,VRE,32159.999999999996,32159.999999999996,31680.0,31770.0,10873500
2022-03-08,VRE,31630.0,31870.0,31390.0,31390.0,4935000
2022-03-09,VRE,31390.0,31480.0,30520.0,30520.0,6560500
2022-03-10,VRE,31000.0,31480.0,30900.0,30900.0,14045300
2022-03-11,VRE,30610.0,31390.0,30420.0,30760.0,3607800
2022-03-14,VRE,30570.0,31340.0,29940.0,30900.0,5191300
2022-03-15,VRE,30900.0,31150.0,30570.0,30660.0,3266700
2022-03-16,VRE,30900.0,31050.0,30660.0,30660.0,3471300
2022-03-17,VRE,30900.0,31150.0,30860.0,31150.0,2487300
2022-03-18,VRE,31340.0,32210.0,31050.0,31870.0,6805500
2022-03-21,VRE,31870.0,32159.999999999996,31680.0,32060.000000000004,3556300
2022-03-22,VRE,31870.0,32210.0,31820.0,32060.000000000004,4008800
2022-03-23,VRE,31970.0,32350.0,31730.0,31730.0,3724800
2022-03-24,VRE,31730.0,31970.0,31630.0,31680.0,3310600
2022-03-25,VRE,31680.0,31820.0,31480.0,31580.0,2087800
2022-03-28,VRE,31390.0,31770.0,30900.0,30900.0,3672900
2022-03-29,VRE,31290.0,31630.0,31050.0,31440.0,2628200
2022-03-30,VRE,31440.0,32009.999999999996,31290.0,31390.0,3398500
2022-03-31,VRE,31730.0,32590.000000000004,31580.0,32299.999999999996,5659000
2022-04-01,VRE,32259.999999999996,32880.0,31920.0,32880.0,6486100
2022-04-04,VRE,33420.0,33460.0,32880.0,32880.0,4018900
2022-04-05,VRE,32640.0,33030.0,32350.0,32500.0,3095300
2022-04-06,VRE,32500.0,32980.0,32259.999999999996,32450.000000000004,5411400
2022-04-07,VRE,32500.0,32640.0,31530.0,31530.0,4387100
2022-04-08,VRE,31440.0,31870.0,31100.0,31100.0,3245800
2022-04-12,VRE,31100.0,31340.0,30030.0,30030.0,4993200
2022-04-13,VRE,30180.0,30810.0,30130.0,30760.0,2713700
2022-04-14,VRE,30900.0,31000.0,30660.0,30760.0,2223100
2022-04-15,VRE,30760.0,31290.0,30420.0,30420.0,3170900
2022-04-18,VRE,30370.0,30900.0,30180.0,30280.0,3516800
2022-04-19,VRE,30180.0,30760.0,29790.0,29790.0,3404000
2022-04-20,VRE,29790.0,29990.0,29410.0,29600.0,3604800
2022-04-21,VRE,29600.0,29700.0,27570.0,29460.0,5572100
2022-04-22,VRE,29700.0,30130.0,29460.0,29840.0,3225100
2022-04-25,VRE,30280.0,30280.0,27770.0,28060.0,5632400
2022-04-26,VRE,28100.0,29990.0,27430.0,29990.0,6142800
2022-04-27,VRE,29360.0,29940.0,28590.0,29460.0,4010600
2022-04-28,VRE,29460.0,29500.0,28830.0,28830.0,3488600
2022-04-29,VRE,28970.0,29840.0,28830.0,29840.0,4185700
2022-05-04,VRE,29700.0,29700.0,28780.0,28920.0,2433100
2022-05-05,VRE,29070.0,29360.0,28590.0,29260.0,2500200
2022-05-06,VRE,28590.0,29460.0,28590.0,28590.0,7483500
2022-05-09,VRE,28780.0,28880.0,26940.0,27230.0,7497200
2022-05-10,VRE,26940.0,27380.0,26850.0,27140.0,4226400
2022-05-11,VRE,27520.0,28680.0,27230.0,27910.0,4343100
2022-05-12,VRE,27520.0,27910.0,25980.0,25980.0,3703900
2022-05-13,VRE,25830.0,26370.0,24240.0,24430.0,6901900
2022-05-16,VRE,24630.0,25880.0,24630.0,25350.0,4649600
2022-05-17,VRE,25110.0,26560.0,24920.0,26460.0,4233100
2022-05-18,VRE,26560.0,26700.0,25830.0,26460.0,6037800
2022-05-19,VRE,25590.0,26940.0,25590.0,26460.0,2294100
2022-05-20,VRE,26460.0,26750.0,25930.0,26410.0,2127600
2022-05-23,VRE,26170.0,26900.0,25500.0,26410.0,2267400
2022-05-24,VRE,26410.0,27140.0,25690.0,27140.0,2611100
2022-05-25,VRE,27090.0,28440.0,26700.0,28440.0,4121200
2022-05-26,VRE,28390.0,28730.0,27960.0,28590.0,1976300
2022-05-27,VRE,28200.0,28780.0,28010.0,28780.0,2959400
2022-05-30,VRE,28780.0,28920.0,28200.0,28920.0,2849200
2022-05-31,VRE,28830.0,29260.0,28390.0,29120.0,2498300
2022-06-01,VRE,28880.0,29120.0,28540.0,29020.0,2301500
2022-06-02,VRE,28780.0,29170.0,28590.0,28920.0,1947800
2022-06-03,VRE,28490.0,28920.0,28300.0,28920.0,1491300
2022-06-06,VRE,28920.0,28970.0,28490.0,28920.0,1387000
2022-06-07,VRE,28630.0,28880.0,28150.0,28880.0,1839000
2022-06-08,VRE,28680.0,29460.0,28680.0,29360.0,2170300
2022-06-09,VRE,29360.0,29840.0,28970.0,29840.0,1442400
2022-06-10,VRE,29550.0,29550.0,28920.0,29460.0,1936600
2022-06-13,VRE,28100.0,28390.0,27430.0,28010.0,3179400
2022-06-14,VRE,26220.0,28150.0,26220.0,28150.0,2289700
2022-06-15,VRE,28150.0,28150.0,27330.0,27910.0,2498100
2022-06-16,VRE,27910.0,29460.0,27670.0,28200.0,3090500
2022-06-17,VRE,27810.0,28830.0,27520.0,28340.0,2350300
2022-06-20,VRE,28300.0,28300.0,27140.0,27720.0,2183100
2022-06-21,VRE,26650.0,27380.0,26650.0,27040.0,2572900
2022-06-22,VRE,27520.0,27910.0,27140.0,27520.0,1221700
2022-06-23,VRE,27090.0,27480.0,27040.0,27090.0,801400
2022-06-24,VRE,27140.0,27430.0,26610.0,26610.0,974300
2022-06-27,VRE,26750.0,27810.0,26700.0,27770.0,1271000
2022-06-28,VRE,27430.0,28440.0,27430.0,27860.0,1367000
2022-06-29,VRE,27720.0,28150.0,27430.0,27480.0,1095400
2022-06-30,VRE,27520.0,27860.0,27040.0,27570.0,1605000
2022-07-01,VRE,27570.0,27670.0,26940.0,27670.0,1806800
2022-07-04,VRE,27960.0,27960.0,27380.0,27520.0,969000
2022-07-05,VRE,27520.0,27810.0,26990.0,26990.0,1079500
2022-07-06,VRE,26650.0,27040.0,25110.0,25110.0,3210800
2022-07-07,VRE,25300.0,26080.0,25300.0,26080.0,2402600
2022-07-08,VRE,26080.0,26320.0,25690.0,26080.0,1037500
2022-07-11,VRE,25110.0,25590.0,24290.0,25110.0,3468900
2022-07-12,VRE,25210.0,25540.0,24720.0,25300.0,1087600
2022-07-13,VRE,25300.0,25690.0,24920.0,25350.0,806000
2022-07-14,VRE,25590.0,25590.0,25010.0,25160.0,1161000
2022-07-15,VRE,25110.0,25400.0,24770.0,25300.0,1215800
2022-07-18,VRE,25400.0,25540.0,25110.0,25160.0,508500
2022-07-19,VRE,24920.0,25160.0,24870.0,25110.0,937900
2022-07-20,VRE,25210.0,25350.0,25110.0,25160.0,1423900
2022-07-21,VRE,25210.0,25540.0,25110.0,25400.0,2005900
2022-07-22,VRE,25450.0,25790.0,25110.0,25110.0,1146000
2022-07-25,VRE,25160.0,25400.0,24960.0,25400.0,1173900
2022-07-26,VRE,25210.0,25500.0,25110.0,25160.0,550700
2022-07-27,VRE,25300.0,25400.0,25110.0,25400.0,676600
2022-07-28,VRE,25500.0,27140.0,25450.0,27140.0,4379900
2022-07-29,VRE,27430.0,27570.0,26650.0,27040.0,2024600
2022-08-01,VRE,27040.0,28010.0,26850.0,28010.0,2238700
2022-08-02,VRE,27720.0,27910.0,27380.0,27720.0,1551300
2022-08-03,VRE,27520.0,28060.0,27330.0,28060.0,1940500
2022-08-04,VRE,27910.0,28490.0,27670.0,28010.0,1213600
2022-08-05,VRE,27520.0,28100.0,27520.0,27960.0,1298600
2022-08-08,VRE,27720.0,27960.0,27720.0,27720.0,933200
2022-08-09,VRE,27810.0,27910.0,27570.0,27570.0,771900
2022-08-10,VRE,27520.0,27910.0,27430.0,27430.0,824100
2022-08-11,VRE,27670.0,28540.0,27520.0,27910.0,2321200
2022-08-12,VRE,27570.0,28440.0,27570.0,28340.0,979100
2022-08-15,VRE,28390.0,28680.0,28340.0,28540.0,1207700
2022-08-16,VRE,28390.0,28540.0,28100.0,28300.0,1098200
2022-08-17,VRE,28300.0,28630.0,28250.0,28490.0,1633100
2022-08-18,VRE,28490.0,28730.0,28150.0,28590.0,2271900
2022-08-19,VRE,28100.0,28590.0,27670.0,28300.0,2504000
2022-08-22,VRE,28150.0,28300.0,27480.0,28060.0,1382200
2022-08-23,VRE,27520.0,28010.0,27380.0,27860.0,1847800
2022-08-24,VRE,27910.0,27910.0,27570.0,27620.0,1569100
2022-08-25,VRE,27520.0,28200.0,27520.0,28200.0,1130400
2022-08-26,VRE,28200.0,28340.0,27860.0,27860.0,954300
2022-08-29,VRE,27140.0,27620.0,26900.0,27430.0,1941200
2022-08-30,VRE,27430.0,27810.0,27330.0,27430.0,885800
2022-08-31,VRE,27140.0,27430.0,26750.0,26750.0,2062000
2022-09-05,VRE,26800.0,27040.0,26610.0,26610.0,1465000
2022-09-06,VRE,26650.0,27090.0,26510.0,27090.0,1803100
2022-09-07,VRE,26940.0,27280.0,26650.0,26700.0,1875900
2022-09-08,VRE,26700.0,26990.0,26460.0,26460.0,1027300
2022-09-09,VRE,26850.0,26850.0,26270.0,26560.0,1270000
2022-09-12,VRE,26700.0,27810.0,26700.0,27770.0,1871600
2022-09-13,VRE,27860.0,28200.0,27380.0,27380.0,1872600
2022-09-14,VRE,27380.0,27720.0,26990.0,27520.0,1332600
2022-09-15,VRE,27620.0,28010.0,27330.0,27860.0,1090300
2022-09-16,VRE,27860.0,28830.0,27230.0,28830.0,2870500
2022-09-19,VRE,28250.0,28340.0,27810.0,28100.0,1602700
2022-09-20,VRE,28100.0,28150.0,27620.0,28060.0,1480700
2022-09-21,VRE,27670.0,27860.0,27330.0,27620.0,494100
2022-09-22,VRE,27190.0,27670.0,26800.0,27670.0,778800
2022-09-23,VRE,27280.0,27670.0,27280.0,27520.0,515200
2022-09-26,VRE,26940.0,27230.0,25740.0,25740.0,1764700
2022-09-27,VRE,26220.0,26460.0,25690.0,25740.0,1271100
2022-09-28,VRE,25590.0,26170.0,25590.0,25930.0,1118100
2022-09-29,VRE,26270.0,26850.0,26030.0,26270.0,1584800
2022-09-30,VRE,25980.0,27040.0,25980.0,27040.0,1800300
2022-10-03,VRE,26610.0,26940.0,25210.0,25210.0,1364000
2022-10-04,VRE,25350.0,26080.0,24530.0,25790.0,1744700
2022-10-05,VRE,25830.0,26940.0,25640.0,26080.0,922900
2022-10-06,VRE,26120.0,26560.0,25590.0,25590.0,1262900
2022-10-07,VRE,25300.0,26220.0,24050.0,25110.0,2464400
2022-10-10,VRE,24430.0,26270.0,24140.0,24530.0,1759700
2022-10-11,VRE,24430.0,24720.0,22840.0,22840.0,2576300
2022-10-12,VRE,21540.0,24000.0,21250.0,23370.0,2281600
2022-10-13,VRE,23370.0,24720.0,22980.0,24720.0,1584500
2022-10-14,VRE,25110.0,25110.0,24190.0,24340.0,670600
2022-10-17,VRE,23470.0,24050.0,23080.0,24050.0,1036700
2022-10-18,VRE,24430.0,24920.0,23950.0,24920.0,855200
2022-10-19,VRE,24720.0,24960.0,24100.0,24340.0,661800
2022-10-20,VRE,24140.0,24480.0,23760.0,24240.0,1365000
2022-10-21,VRE,24050.0,24140.0,23180.0,23180.0,720600
2022-10-24,VRE,23810.0,23810.0,21580.0,21580.0,1778100
2022-10-25,VRE,20860.0,22840.0,20670.0,22210.0,1369200
2022-10-26,VRE,22260.0,22410.0,21440.0,21440.0,667200
2022-10-27,VRE,22120.0,22940.0,21730.0,22940.0,1960900
2022-10-28,VRE,23180.0,23950.0,22740.0,22890.0,1603500
2022-10-31,VRE,23370.0,23760.0,22210.0,23760.0,1343000
2022-11-01,VRE,23710.0,25400.0,23710.0,25350.0,2023900
2022-11-02,VRE,25160.0,25400.0,24240.0,24920.0,1209300
2022-11-03,VRE,24290.0,25110.0,24290.0,25110.0,524600
2022-11-04,VRE,24630.0,25160.0,23710.0,25110.0,1786100
2022-11-07,VRE,25110.0,25540.0,24390.0,24630.0,1575200
2022-11-08,VRE,24630.0,24870.0,23950.0,24390.0,1798400
2022-11-09,VRE,24430.0,25250.0,23950.0,24530.0,1916000
2022-11-10,VRE,24480.0,24720.0,23710.0,23950.0,1447000
2022-11-11,VRE,24240.0,24530.0,23850.0,24430.0,1940400
2022-11-14,VRE,23660.0,24480.0,23270.0,24480.0,1701700
2022-11-15,VRE,24480.0,24530.0,23660.0,24100.0,1663100
2022-11-16,VRE,23030.0,25740.0,22500.0,25640.0,2283400
2022-11-17,VRE,25640.0,27430.0,25110.0,27430.0,3241400
2022-11-18,VRE,27040.0,27330.0,26370.0,26650.0,1936700
2022-11-21,VRE,26560.0,26560.0,25210.0,25400.0,1750000
2022-11-22,VRE,25210.0,27040.0,25160.0,25250.0,1870400
2022-11-23,VRE,25160.0,25930.0,25010.0,25250.0,661300
2022-11-24,VRE,25110.0,26610.0,25110.0,26170.0,1209600
2022-11-25,VRE,26650.0,26750.0,26170.0,26460.0,900300
2022-11-28,VRE,26990.0,28300.0,26610.0,28300.0,4231400
2022-11-29,VRE,28300.0,29460.0,27910.0,29460.0,3972000
2022-11-30,VRE,29940.0,29940.0,28780.0,29500.0,2894300
2022-12-01,VRE,29020.0,29750.0,28540.0,28970.0,2812500
2022-12-02,VRE,28100.0,30470.0,28010.0,30470.0,2864300
2022-12-05,VRE,30570.0,30570.0,29940.0,30470.0,2356100
2022-12-06,VRE,29460.0,29890.0,28340.0,28340.0,2883400
2022-12-07,VRE,28490.0,29170.0,27620.0,28490.0,2217500
2022-12-08,VRE,28490.0,29070.0,27520.0,27770.0,2497400
2022-12-09,VRE,27860.0,28490.0,27090.0,27910.0,3690300
2022-12-12,VRE,28200.0,28920.0,26120.0,26120.0,3231300
2022-12-13,VRE,26460.0,27040.0,26120.0,27040.0,2178600
2022-12-14,VRE,27090.0,27140.0,26270.0,26990.0,2533600
2022-12-15,VRE,26990.0,27090.0,26560.0,26940.0,2131800
2022-12-16,VRE,26650.0,26940.0,25300.0,25300.0,9287700
2022-12-19,VRE,26080.0,26850.0,25350.0,26370.0,2643000
2022-12-20,VRE,25830.0,26410.0,24770.0,24870.0,3321300
2022-12-21,VRE,25250.0,25790.0,24720.0,25110.0,3216500
2022-12-22,VRE,25210.0,25540.0,24720.0,25110.0,2054700
2022-12-23,VRE,25250.0,25250.0,24680.0,24920.0,1835700
2022-12-26,VRE,25160.0,25160.0,23710.0,23710.0,2460400
2022-12-27,VRE,24390.0,25350.0,24290.0,24920.0,1897200
2022-12-28,VRE,24870.0,26170.0,24720.0,25980.0,1813400
2022-12-29,VRE,25880.0,26220.0,25590.0,25590.0,1545900
2022-12-30,VRE,25250.0,26270.0,25250.0,25400.0,1792900
2023-01-03,VRE,26080.0,27140.0,25450.0,27140.0,3875900
2023-01-04,VRE,27570.0,27770.0,27140.0,27620.0,2624200
2023-01-05,VRE,27430.0,28200.0,27040.0,28200.0,4076200
2023-01-06,VRE,28200.0,28590.0,27380.0,28250.0,1696300
2023-01-09,VRE,28250.0,28590.0,28010.0,28390.0,1193700
2023-01-10,VRE,28390.0,28390.0,27480.0,28390.0,914500
2023-01-11,VRE,28440.0,28490.0,27520.0,27520.0,989900
2023-01-12,VRE,27910.0,27910.0,27040.0,27720.0,1037700
2023-01-13,VRE,27720.0,28010.0,27280.0,27620.0,770200
2023-01-16,VRE,27380.0,27810.0,26990.0,27520.0,1010000
2023-01-17,VRE,27720.0,28830.0,26990.0,28830.0,2138800
2023-01-18,VRE,28780.0,28780.0,28010.0,28300.0,1473600
2023-01-19,VRE,28010.0,29260.0,28010.0,28630.0,3043500
2023-01-27,VRE,28680.0,29460.0,28680.0,29260.0,1974800
2023-01-30,VRE,29170.0,29170.0,28300.0,28780.0,1610100
2023-01-31,VRE,28730.0,29120.0,28250.0,28680.0,1095200
2023-02-01,VRE,28680.0,28680.0,27040.0,27040.0,1893600
2023-02-02,VRE,27090.0,27960.0,27090.0,27860.0,1699200
2023-02-03,VRE,27860.0,28200.0,27620.0,28200.0,1095800
2023-02-06,VRE,27520.0,28490.0,27330.0,28490.0,940200
2023-02-07,VRE,28390.0,28490.0,27570.0,27570.0,1347600
2023-02-08,VRE,27570.0,27960.0,27480.0,27520.0,1375500
2023-02-09,VRE,27330.0,27960.0,27190.0,27230.0,1205500
2023-02-10,VRE,27230.0,27430.0,26850.0,27230.0,726000
2023-02-13,VRE,27040.0,27520.0,26610.0,27520.0,1031800
2023-02-14,VRE,27520.0,27520.0,26460.0,27040.0,1441900
2023-02-15,VRE,26850.0,27430.0,26650.0,27380.0,969600
2023-02-16,VRE,27380.0,27480.0,26750.0,27430.0,978700
2023-02-17,VRE,27330.0,27670.0,27040.0,27430.0,1280800
2023-02-20,VRE,27330.0,28340.0,27190.0,28340.0,3128000
2023-02-21,VRE,28340.0,28780.0,28150.0,28590.0,1309700
2023-02-22,VRE,28300.0,28340.0,27140.0,27140.0,1360100
2023-02-23,VRE,27330.0,27430.0,25590.0,25590.0,4737800
2023-02-24,VRE,25790.0,25980.0,25400.0,25590.0,2243300
2023-02-27,VRE,25250.0,25690.0,24680.0,24870.0,1513400
2023-02-28,VRE,25300.0,26610.0,25210.0,25790.0,2998000
2023-03-01,VRE,25790.0,26510.0,25300.0,25880.0,2068500
2023-03-02,VRE,26030.0,26080.0,25300.0,25300.0,1980400
2023-03-03,VRE,25400.0,25590.0,24820.0,25110.0,2078400
2023-03-06,VRE,25540.0,26170.0,25250.0,25250.0,2736300
2023-03-07,VRE,25790.0,26080.0,25500.0,25690.0,2211500
2023-03-08,VRE,25500.0,26320.0,25500.0,26320.0,2194700
2023-03-09,VRE,26320.0,26510.0,26030.0,26080.0,5053200
2023-03-10,VRE,25980.0,27090.0,25980.0,27040.0,2302400
2023-03-13,VRE,26990.0,28390.0,26900.0,28100.0,4124400
2023-03-14,VRE,27810.0,28060.0,27280.0,27810.0,2116400
2023-03-15,VRE,27810.0,28390.0,27230.0,27520.0,3577700
2023-03-16,VRE,27480.0,28060.0,27480.0,27960.0,2649100
2023-03-17,VRE,27960.0,28680.0,27960.0,28490.0,6891400
2023-03-20,VRE,28490.0,28490.0,27090.0,28010.0,2353200
2023-03-21,VRE,27960.0,28490.0,27190.0,28440.0,3045500
2023-03-22,VRE,28100.0,28780.0,27860.0,28680.0,3610800
2023-03-23,VRE,28010.0,28440.0,28010.0,28300.0,1817500
2023-03-24,VRE,28250.0,28440.0,28200.0,28390.0,1089600
2023-03-27,VRE,28250.0,28440.0,27670.0,28150.0,1515800
2023-03-28,VRE,28060.0,28630.0,28060.0,28060.0,2650700
2023-03-29,VRE,28010.0,28250.0,27770.0,28150.0,1316300
2023-03-30,VRE,28490.0,30180.0,28300.0,28970.0,6784100
2023-03-31,VRE,28970.0,29940.0,28590.0,28590.0,4815700
2023-04-03,VRE,28880.0,29170.0,28490.0,28590.0,2805300
2023-04-04,VRE,28590.0,28590.0,28060.0,28100.0,1687700
2023-04-05,VRE,28440.0,28540.0,28200.0,28300.0,2317600
2023-04-06,VRE,28540.0,28540.0,28300.0,28390.0,2280800
2023-04-07,VRE,28490.0,28540.0,27520.0,28200.0,1619600
2023-04-10,VRE,28300.0,28300.0,27910.0,28010.0,1293800
2023-04-11,VRE,27960.0,28150.0,27860.0,28100.0,941100
2023-04-12,VRE,27960.0,28060.0,27520.0,27570.0,2725900
2023-04-13,VRE,27810.0,28060.0,27230.0,27330.0,1040200
2023-04-14,VRE,27670.0,27810.0,27480.0,27670.0,2459300
2023-04-17,VRE,27620.0,28010.0,26940.0,27520.0,1439000
2023-04-18,VRE,27480.0,27620.0,27280.0,27520.0,2068700
2023-04-19,VRE,27620.0,27860.0,26850.0,27040.0,2355100
2023-04-20,VRE,27330.0,27380.0,26990.0,27280.0,1479100
2023-04-21,VRE,27330.0,27330.0,26650.0,26850.0,2370100
2023-04-24,VRE,27770.0,27910.0,27040.0,27090.0,3668200
2023-04-25,VRE,27230.0,27330.0,26460.0,26610.0,3074000
2023-04-26,VRE,26850.0,26850.0,25930.0,26610.0,3650600
2023-04-27,VRE,26510.0,26510.0,26170.0,26220.0,1528100
2023-04-28,VRE,26170.0,26610.0,26170.0,26410.0,2113900
2023-05-04,VRE,26610.0,26800.0,26270.0,26410.0,1285900
2023-05-05,VRE,26320.0,26610.0,26170.0,26270.0,1327200
2023-05-08,VRE,26510.0,26510.0,26220.0,26510.0,2782300
2023-05-09,VRE,26510.0,26700.0,26410.0,26410.0,2036000
2023-05-10,VRE,26610.0,26800.0,26510.0,26750.0,3727100
2023-05-11,VRE,27040.0,27190.0,26900.0,27090.0,3200700
2023-05-12,VRE,27090.0,27330.0,26800.0,27190.0,3287000
2023-05-15,VRE,27480.0,27670.0,27330.0,27430.0,3314600
2023-05-16,VRE,27430.0,27430.0,27040.0,27090.0,2195100
2023-05-17,VRE,27330.0,27380.0,26990.0,27040.0,2646800
2023-05-18,VRE,27040.0,27330.0,26650.0,27140.0,3755700
2023-05-19,VRE,27090.0,27230.0,26750.0,27230.0,2683000
2023-05-22,VRE,27040.0,27190.0,26900.0,26940.0,4185500
2023-05-23,VRE,26940.0,27140.0,26700.0,26750.0,3294000
2023-05-24,VRE,26990.0,26990.0,26560.0,26700.0,1610900
2023-05-25,VRE,26650.0,26800.0,26560.0,26750.0,1359800
2023-05-26,VRE,26800.0,26850.0,26650.0,26750.0,2026100
2023-05-29,VRE,26750.0,26900.0,26750.0,26750.0,2743000
2023-05-30,VRE,26800.0,26940.0,26700.0,26750.0,3114800
2023-05-31,VRE,26800.0,26850.0,26170.0,26170.0,5544300
2023-06-01,VRE,26170.0,26410.0,25830.0,25930.0,4879700
2023-06-02,VRE,26120.0,26410.0,25980.0,26170.0,2949200
2023-06-05,VRE,26510.0,26510.0,26170.0,26170.0,3292300
2023-06-06,VRE,26220.0,26410.0,26170.0,26410.0,2329600
2023-06-07,VRE,26460.0,26510.0,26270.0,26320.0,3217500
2023-06-08,VRE,26270.0,26460.0,25980.0,25980.0,4427100
2023-06-09,VRE,26120.0,26120.0,25690.0,25790.0,2895800
2023-06-12,VRE,25830.0,25980.0,25540.0,25790.0,3006200
2023-06-13,VRE,25880.0,26220.0,25790.0,26170.0,3192200
2023-06-14,VRE,26220.0,26460.0,26220.0,26220.0,2863500
2023-06-15,VRE,26270.0,26370.0,25930.0,25930.0,2922300
2023-06-16,VRE,26080.0,26120.0,25590.0,25590.0,4575800
2023-06-19,VRE,25740.0,25930.0,25640.0,25640.0,2841300
2023-06-20,VRE,25640.0,25830.0,25640.0,25740.0,1913900
2023-06-21,VRE,25740.0,25930.0,25740.0,25880.0,2665100
2023-06-22,VRE,25880.0,26120.0,25880.0,26080.0,3347500
2023-06-23,VRE,26080.0,26170.0,25930.0,25930.0,3438500
2023-06-26,VRE,26080.0,26080.0,25590.0,25790.0,5157200
2023-06-27,VRE,25880.0,26610.0,25830.0,26510.0,7670300
2023-06-28,VRE,26610.0,26700.0,26220.0,26370.0,4161800
2023-06-29,VRE,26270.0,26650.0,26080.0,26080.0,5475500
2023-06-30,VRE,26170.0,26270.0,25880.0,25880.0,2611800
2023-07-03,VRE,26030.0,26270.0,25930.0,26080.0,3200500
2023-07-04,VRE,26080.0,26270.0,26030.0,26270.0,2531500
2023-07-05,VRE,26270.0,26750.0,26170.0,26560.0,5712700
2023-07-06,VRE,26560.0,26650.0,25980.0,26030.0,5699100
2023-07-07,VRE,26030.0,26120.0,25880.0,26080.0,4102200
2023-07-10,VRE,26170.0,26270.0,25930.0,26030.0,5570100
2023-07-11,VRE,26170.0,26700.0,26080.0,26370.0,8710500
2023-07-12,VRE,26510.0,27330.0,26510.0,27140.0,15357900
2023-07-13,VRE,27330.0,27380.0,27090.0,27190.0,7072900
2023-07-14,VRE,27330.0,27330.0,26650.0,27040.0,10208600
2023-07-17,VRE,27090.0,27770.0,27040.0,27670.0,7289900
2023-07-18,VRE,27520.0,27670.0,27330.0,27330.0,5731200
2023-07-19,VRE,27380.0,27380.0,26900.0,26990.0,7742000
2023-07-20,VRE,26990.0,27140.0,26750.0,27090.0,4272100
2023-07-21,VRE,27040.0,27430.0,26990.0,27430.0,5092900
2023-07-24,VRE,27620.0,27670.0,27280.0,27430.0,4770700
2023-07-25,VRE,27430.0,28340.0,27190.0,28010.0,8777400
2023-07-26,VRE,27860.0,28150.0,27770.0,27910.0,2785400
2023-07-27,VRE,27910.0,27960.0,27330.0,27520.0,6087800
2023-07-28,VRE,28010.0,28100.0,27570.0,27810.0,6500400
2023-07-31,VRE,28490.0,28880.0,28300.0,28630.0,11601500
2023-08-01,VRE,28680.0,29260.0,28100.0,28100.0,7960600
2023-08-02,VRE,28060.0,28200.0,27810.0,27910.0,4972700
2023-08-03,VRE,27910.0,28200.0,27380.0,27430.0,6526000
2023-08-04,VRE,27620.0,28100.0,27520.0,27720.0,4925300
2023-08-07,VRE,28010.0,28590.0,27810.0,28590.0,8302400
2023-08-08,VRE,28880.0,30370.0,28680.0,29940.0,17958200
2023-08-09,VRE,29790.0,30230.0,29650.0,29840.0,8737600
2023-08-10,VRE,29840.0,29890.0,28920.0,29020.0,7608100
2023-08-11,VRE,29650.0,29700.0,28540.0,29700.0,10672900
2023-08-14,VRE,29550.0,29650.0,29170.0,29260.0,6375800
2023-08-15,VRE,29070.0,30660.0,28880.0,30230.0,9339500
2023-08-16,VRE,30810.0,30900.0,30230.0,30420.0,11804900
2023-08-17,VRE,30320.0,30320.0,29550.0,29550.0,9882000
2023-08-18,VRE,29170.0,29460.0,27620.0,28100.0,13778500
2023-08-21,VRE,28100.0,28830.0,27670.0,28490.0,4805500
2023-08-22,VRE,28300.0,28440.0,27140.0,28300.0,4756100
2023-08-23,VRE,28730.0,28880.0,27720.0,27770.0,4721200
2023-08-24,VRE,27860.0,28200.0,27720.0,28060.0,3207200
2023-08-25,VRE,27960.0,28250.0,27720.0,27720.0,3335600
2023-08-28,VRE,27960.0,28730.0,27860.0,28730.0,4409300
2023-08-29,VRE,28730.0,28780.0,28200.0,28250.0,2829900
2023-08-30,VRE,28340.0,28880.0,28300.0,28680.0,6019400
2023-08-31,VRE,28730.0,29460.0,28680.0,29260.0,7227600
2023-09-05,VRE,29260.0,29700.0,29070.0,29120.0,4953600
2023-09-06,VRE,29260.0,29500.0,28970.0,29260.0,4059600
2023-09-07,VRE,29260.0,29500.0,29170.0,29260.0,4593600
2023-09-08,VRE,29170.0,29310.0,28590.0,28590.0,5885800
2023-09-11,VRE,28780.0,28880.0,27720.0,27720.0,5687100
2023-09-12,VRE,27860.0,28590.0,27810.0,28490.0,3974900
2023-09-13,VRE,28540.0,28590.0,27910.0,28010.0,6439000
2023-09-14,VRE,28200.0,28250.0,27620.0,27910.0,4132300
2023-09-15,VRE,27910.0,28150.0,27430.0,27430.0,4727700
2023-09-18,VRE,27520.0,27620.0,26650.0,26750.0,6121000
2023-09-19,VRE,26850.0,27190.0,26410.0,26650.0,5600300
2023-09-20,VRE,26650.0,27330.0,26560.0,27140.0,3875700
2023-09-21,VRE,27230.0,27230.0,26900.0,27190.0,3301100
2023-09-22,VRE,26750.0,26990.0,26170.0,26460.0,4715500
2023-09-25,VRE,26370.0,26750.0,25690.0,25690.0,4484800
2023-09-26,VRE,25880.0,26080.0,24920.0,24920.0,4905100
2023-09-27,VRE,25210.0,25540.0,24630.0,25210.0,4127900
2023-09-28,VRE,25110.0,25110.0,24290.0,24580.0,4514100
2023-09-29,VRE,24720.0,26120.0,24720.0,25210.0,4626100
2023-10-02,VRE,25210.0,26170.0,25060.0,25930.0,3579500
2023-10-03,VRE,25830.0,26030.0,25300.0,25400.0,3301100
2023-10-04,VRE,25010.0,26170.0,25010.0,26080.0,2343000
2023-10-05,VRE,26080.0,26460.0,25790.0,25880.0,1977600
2023-10-06,VRE,26080.0,26510.0,25830.0,26510.0,1952100
2023-10-09,VRE,26270.0,26270.0,25930.0,26120.0,2015300
2023-10-10,VRE,26170.0,26370.0,26030.0,26080.0,2641400
2023-10-11,VRE,26170.0,26370.0,25980.0,26080.0,1089400
2023-10-12,VRE,26410.0,26510.0,26120.0,26270.0,1740500
2023-10-13,VRE,26170.0,26560.0,26080.0,26410.0,1652100
2023-10-16,VRE,26170.0,26320.0,25790.0,25790.0,1709400
2023-10-17,VRE,25740.0,26650.0,25640.0,26080.0,3254700
2023-10-18,VRE,26170.0,26170.0,25010.0,25590.0,2937600
2023-10-19,VRE,25500.0,26080.0,24920.0,25500.0,2838000
2023-10-20,VRE,25590.0,26120.0,24960.0,25690.0,1936300
2023-10-23,VRE,25590.0,25590.0,25060.0,25110.0,2251100
2023-10-24,VRE,25110.0,25880.0,25110.0,25690.0,2105000
2023-10-25,VRE,25880.0,26080.0,25540.0,25540.0,2808000
2023-10-26,VRE,25010.0,25010.0,23760.0,23760.0,9247600
2023-10-27,VRE,23760.0,23810.0,22120.0,22120.0,12955400
2023-10-30,VRE,21830.0,23270.0,21340.0,22310.0,5403600
2023-10-31,VRE,22500.0,22890.0,21440.0,21440.0,5812200
2023-11-01,VRE,21540.0,21920.0,20860.0,21920.0,6236700
2023-11-02,VRE,22210.0,22500.0,21680.0,22450.0,5800700
2023-11-03,VRE,22700.0,23560.0,22410.0,23560.0,12592000
2023-11-06,VRE,23470.0,23660.0,22890.0,23180.0,5406700
2023-11-07,VRE,22890.0,23180.0,22260.0,22360.0,5320400
2023-11-08,VRE,22310.0,23030.0,22070.0,22890.0,5845600
2023-11-09,VRE,23180.0,23760.0,23130.0,23470.0,5772800
2023-11-10,VRE,23030.0,23560.0,23030.0,23130.0,4353000
2023-11-13,VRE,23180.0,23370.0,22650.0,22700.0,3840800
2023-11-14,VRE,23030.0,23270.0,22700.0,23180.0,3670600
2023-11-15,VRE,23660.0,23900.0,23270.0,23270.0,3942600
2023-11-16,VRE,23180.0,23230.0,22840.0,23030.0,4276100
2023-11-17,VRE,23180.0,23320.0,21730.0,22020.0,8229200
2023-11-20,VRE,21780.0,22410.0,21780.0,21780.0,4059300
2023-11-21,VRE,22120.0,22160.0,21730.0,21830.0,4601900
2023-11-22,VRE,21920.0,22070.0,21730.0,22020.0,3400700
2023-11-23,VRE,22120.0,22650.0,21830.0,21830.0,5353700
2023-11-24,VRE,21780.0,21830.0,21250.0,21830.0,4005100
2023-11-27,VRE,21830.0,22160.0,21780.0,21830.0,2222200
2023-11-28,VRE,21830.0,22020.0,21580.0,22020.0,1971100
2023-11-29,VRE,22120.0,22550.0,22020.0,22410.0,4081300
2023-11-30,VRE,22310.0,22410.0,21340.0,21340.0,3943400
2023-12-01,VRE,21870.0,22120.0,21680.0,22020.0,2550200
2023-12-04,VRE,22120.0,22450.0,21870.0,22210.0,4686600
2023-12-05,VRE,22210.0,22310.0,22020.0,22070.0,2463600
2023-12-06,VRE,22070.0,22210.0,21920.0,22120.0,3749700
2023-12-07,VRE,22160.0,22410.0,21870.0,22020.0,5052900
2023-12-08,VRE,22020.0,22650.0,21920.0,22550.0,5574900
2023-12-11,VRE,22650.0,22940.0,22650.0,22840.0,3772200
2023-12-12,VRE,22890.0,22980.0,22600.0,22840.0,3058000
2023-12-13,VRE,22840.0,22890.0,22160.0,22210.0,4320000
2023-12-14,VRE,22450.0,22500.0,21920.0,22070.0,3505600
2023-12-15,VRE,22070.0,22260.0,21780.0,21780.0,4256000
2023-12-18,VRE,21870.0,22120.0,21780.0,21830.0,2345700
2023-12-19,VRE,21870.0,22070.0,21780.0,21920.0,2628400
2023-12-20,VRE,22120.0,22310.0,21920.0,22210.0,2595400
2023-12-21,VRE,22120.0,22210.0,21920.0,22160.0,1587500
2023-12-22,VRE,22160.0,22210.0,21920.0,22160.0,1890300
2023-12-25,VRE,22070.0,22600.0,22070.0,22600.0,3420400
2023-12-26,VRE,22550.0,22700.0,22360.0,22500.0,2651000
2023-12-27,VRE,22500.0,22650.0,22410.0,22450.0,3220300
2023-12-28,VRE,22450.0,22890.0,22450.0,22700.0,6105000
2023-12-29,VRE,22840.0,22840.0,22500.0,22500.0,4354700
2024-01-02,VRE,22700.0,22740.0,22260.0,22310.0,4421200
2024-01-03,VRE,22210.0,22500.0,22120.0,22450.0,2678300
2024-01-04,VRE,22450.0,22790.0,22450.0,22600.0,4793300
2024-01-05,VRE,22740.0,22740.0,22310.0,22550.0,3301000
2024-01-08,VRE,22550.0,23270.0,22550.0,22890.0,7661200
2024-01-09,VRE,22890.0,22980.0,22550.0,22550.0,4815300
2024-01-10,VRE,22550.0,22700.0,22410.0,22500.0,3463500
2024-01-11,VRE,22550.0,22840.0,22500.0,22650.0,3879700
2024-01-12,VRE,22500.0,22500.0,22120.0,22310.0,5984400
2024-01-15,VRE,22450.0,22550.0,22160.0,22160.0,2397000
2024-01-16,VRE,22160.0,22310.0,22070.0,22310.0,2666500
2024-01-17,VRE,22310.0,22600.0,22260.0,22500.0,4900600
2024-01-18,VRE,22500.0,22740.0,22410.0,22740.0,6889200
2024-01-19,VRE,22790.0,23370.0,22790.0,23030.0,6538600
2024-01-22,VRE,23180.0,23180.0,22890.0,23080.0,5638700
2024-01-23,VRE,23130.0,23130.0,22740.0,22940.0,5533200
2024-01-24,VRE,22940.0,23470.0,22890.0,23130.0,8329900
2024-01-25,VRE,23130.0,23180.0,22940.0,22980.0,3440200
2024-01-26,VRE,23130.0,23130.0,22740.0,22940.0,5330500
2024-01-29,VRE,22940.0,22940.0,22500.0,22500.0,6629600
2024-01-30,VRE,22500.0,22790.0,22310.0,22600.0,8150500
2024-01-31,VRE,22700.0,22840.0,21680.0,21680.0,18081000
2024-02-01,VRE,21730.0,21920.0,21680.0,21870.0,6885000
2024-02-02,VRE,21830.0,21920.0,21540.0,21540.0,6505300
2024-02-05,VRE,21580.0,21630.0,20960.0,21050.0,13264300
2024-02-06,VRE,21100.0,21290.0,20860.0,20960.0,7484200
2024-02-07,VRE,20960.0,21150.0,20860.0,21150.0,6100200
2024-02-15,VRE,21290.0,21440.0,21100.0,21250.0,7115700
2024-02-16,VRE,21340.0,21920.0,21290.0,21730.0,8591500
2024-02-19,VRE,21920.0,23230.0,21830.0,23230.0,23898600
2024-02-20,VRE,23900.0,24820.0,23850.0,24630.0,25144500
2024-02-21,VRE,24720.0,25350.0,24140.0,25110.0,21071500
2024-02-22,VRE,24920.0,25740.0,24870.0,25500.0,13517400
2024-02-23,VRE,25500.0,25690.0,24390.0,24580.0,17915800
2024-02-26,VRE,24580.0,25590.0,24480.0,25110.0,14172600
2024-02-27,VRE,25790.0,25980.0,24680.0,25500.0,11770400
2024-02-28,VRE,25880.0,26940.0,25400.0,26850.0,20532400
2024-02-29,VRE,26700.0,26700.0,25500.0,25590.0,21519800
2024-03-01,VRE,25690.0,25880.0,24960.0,25740.0,13628700
2024-03-04,VRE,25590.0,26370.0,25300.0,26080.0,14024600
2024-03-05,VRE,26080.0,26270.0,25500.0,25790.0,11477700
2024-03-06,VRE,25640.0,26080.0,24820.0,24960.0,15576500
2024-03-07,VRE,25110.0,25350.0,24870.0,25110.0,7948600
2024-03-08,VRE,25450.0,25450.0,24530.0,24530.0,10155500
2024-03-11,VRE,24530.0,24680.0,23660.0,23660.0,11759900
2024-03-12,VRE,23660.0,24390.0,23610.0,24340.0,10111700
2024-03-13,VRE,24340.0,25010.0,24100.0,25010.0,8044000
2024-03-14,VRE,25160.0,25500.0,24680.0,25010.0,12347200
2024-03-15,VRE,24820.0,24920.0,24240.0,24870.0,11252300
2024-03-18,VRE,24960.0,26610.0,24140.0,26610.0,34582300
2024-03-19,VRE,27520.0,27770.0,25790.0,25830.0,16110300
2024-03-20,VRE,25980.0,25980.0,25210.0,25450.0,11622200
2024-03-21,VRE,25790.0,26220.0,25450.0,26030.0,12499300
2024-03-22,VRE,26220.0,26270.0,25540.0,25790.0,10058500
2024-03-25,VRE,25590.0,26030.0,25060.0,25160.0,8943300
2024-03-26,VRE,25160.0,25540.0,24140.0,25500.0,7341400
2024-03-27,VRE,25450.0,25500.0,25010.0,25060.0,5848500
2024-03-28,VRE,25110.0,25500.0,24770.0,24770.0,14611800
2024-03-29,VRE,25060.0,25060.0,24630.0,24960.0,5019000
2024-04-01,VRE,25010.0,25210.0,24770.0,24820.0,5885800
2024-04-02,VRE,24820.0,24870.0,24480.0,24680.0,7712300
2024-04-03,VRE,24680.0,25160.0,24630.0,24630.0,6533200
2024-04-04,VRE,24920.0,24920.0,24390.0,24430.0,5579700
2024-04-05,VRE,24240.0,24240.0,23850.0,23850.0,8275400
2024-04-08,VRE,23950.0,24000.0,22790.0,22790.0,14766300
2024-04-09,VRE,22840.0,23470.0,22840.0,23370.0,6487000
2024-04-10,VRE,23420.0,23850.0,23370.0,23420.0,4857200
2024-04-11,VRE,23130.0,23270.0,22980.0,23080.0,3359700
2024-04-12,VRE,23130.0,23560.0,23130.0,23320.0,3555700
2024-04-15,VRE,23030.0,23230.0,21730.0,21730.0,13823600
2024-04-16,VRE,21630.0,21870.0,21150.0,21440.0,12875500
2024-04-17,VRE,21630.0,21970.0,21100.0,21250.0,7302500
2024-04-19,VRE,20910.0,21200.0,20330.0,20570.0,8590500
2024-04-22,VRE,20860.0,21830.0,20760.0,21630.0,7078300
2024-04-23,VRE,21440.0,21730.0,20860.0,21150.0,4860300
2024-04-24,VRE,21440.0,21870.0,21290.0,21780.0,5630400
2024-04-25,VRE,21580.0,21830.0,21340.0,21780.0,4172100
2024-04-26,VRE,21440.0,21830.0,21250.0,21680.0,7637500
2024-05-02,VRE,21680.0,22020.0,21580.0,21970.0,6044600
2024-05-03,VRE,22070.0,22840.0,21970.0,22600.0,13035400
2024-05-06,VRE,22700.0,22700.0,22210.0,22550.0,8148400
2024-05-07,VRE,22550.0,22790.0,22070.0,22550.0,6722900
2024-05-08,VRE,22500.0,22550.0,22070.0,22410.0,7711400
2024-05-09,VRE,22360.0,22600.0,22070.0,22070.0,5065300
2024-05-10,VRE,22120.0,22210.0,21540.0,21730.0,7424200
2024-05-13,VRE,21730.0,21830.0,21340.0,21490.0,4557100
2024-05-14,VRE,22020.0,22070.0,21390.0,21490.0,5075300
2024-05-15,VRE,21540.0,21630.0,21390.0,21580.0,5426800
2024-05-16,VRE,21730.0,22020.0,21680.0,21870.0,6049800
2024-05-17,VRE,21920.0,22450.0,21730.0,22310.0,10951000
2024-05-20,VRE,22450.0,22740.0,22070.0,22070.0,6019600
2024-05-21,VRE,22120.0,22450.0,21920.0,22360.0,9300200
2024-05-22,VRE,22310.0,22890.0,22310.0,22360.0,13070700
2024-05-23,VRE,22210.0,22410.0,21970.0,22210.0,5808600
2024-05-24,VRE,22120.0,22120.0,21290.0,21540.0,14276500
2024-05-27,VRE,21540.0,21630.0,21440.0,21540.0,4552900
2024-05-28,VRE,21580.0,21780.0,21540.0,21680.0,3615500
2024-05-29,VRE,21730.0,21730.0,21340.0,21390.0,7463700
2024-05-30,VRE,21340.0,21340.0,20860.0,20860.0,11224000
2024-05-31,VRE,21340.0,21340.0,20910.0,21010.0,5366300
2024-06-03,VRE,21200.0,21680.0,21200.0,21540.0,7069100
2024-06-04,VRE,21630.0,21680.0,21290.0,21340.0,4847800
2024-06-05,VRE,21440.0,22020.0,21390.0,21730.0,9512500
2024-06-06,VRE,21920.0,22020.0,21440.0,21730.0,6309300
2024-06-07,VRE,21730.0,21830.0,21440.0,21440.0,6500900
2024-06-10,VRE,21540.0,21680.0,21290.0,21340.0,5855400
2024-06-11,VRE,21390.0,21490.0,20910.0,20960.0,11747400
2024-06-12,VRE,20960.0,21200.0,20860.0,21100.0,7999200
2024-06-13,VRE,21150.0,21290.0,20860.0,20960.0,8894900
2024-06-14,VRE,21050.0,21100.0,20720.0,20720.0,10375100
2024-06-17,VRE,20860.0,20860.0,20380.0,20430.0,8662300
2024-06-18,VRE,20520.0,20620.0,20380.0,20380.0,6162500
2024-06-19,VRE,20430.0,20470.0,19940.0,19940.0,10528900
2024-06-20,VRE,19890.0,20090.0,19360.0,19560.0,12661900
2024-06-21,VRE,19560.0,19600.0,19170.0,19320.0,12265100
2024-06-24,VRE,19220.0,19800.0,19220.0,19270.0,10146400
2024-06-25,VRE,19410.0,20570.0,19360.0,20570.0,25463000
2024-06-26,VRE,20760.0,20760.0,20040.0,20090.0,5887300
2024-06-27,VRE,20090.0,20230.0,19650.0,19700.0,7612600
2024-06-28,VRE,19700.0,20470.0,19700.0,19750.0,12792300
2024-07-01,VRE,19990.0,21100.0,19890.0,21100.0,13748100
2024-07-02,VRE,21150.0,21250.0,20860.0,20960.0,8412700
2024-07-03,VRE,20810.0,20860.0,20230.0,20570.0,34019400
2024-07-04,VRE,20570.0,20960.0,20380.0,20520.0,11937600
2024-07-05,VRE,20670.0,20670.0,19990.0,20090.0,19509000
2024-07-08,VRE,20090.0,20090.0,19600.0,19600.0,18447500
2024-07-09,VRE,19600.0,19990.0,19510.0,19800.0,10564600
2024-07-10,VRE,19890.0,20330.0,19850.0,19850.0,9607200
2024-07-11,VRE,19990.0,20330.0,19940.0,19990.0,9049100
2024-07-12,VRE,20040.0,20520.0,19940.0,20040.0,8545000
2024-07-15,VRE,20180.0,20230.0,19650.0,19650.0,11248900
2024-07-16,VRE,19700.0,19850.0,19460.0,19510.0,10324900
2024-07-17,VRE,19600.0,19650.0,19070.0,19070.0,17511300
2024-07-18,VRE,19120.0,19460.0,18930.0,19460.0,9699200
2024-07-19,VRE,19560.0,19600.0,19170.0,19220.0,5274100
2024-07-22,VRE,19220.0,19460.0,18930.0,19360.0,7586900
2024-07-23,VRE,19560.0,19700.0,19270.0,19360.0,8859200
2024-07-24,VRE,19360.0,19510.0,19120.0,19460.0,5260200
2024-07-25,VRE,19410.0,19750.0,19030.0,19030.0,14310000
2024-07-26,VRE,19120.0,19170.0,18540.0,18640.0,14275800
2024-07-29,VRE,18740.0,18880.0,18300.0,18300.0,9488900
2024-07-30,VRE,18200.0,18300.0,17910.0,18110.0,10130800
2024-07-31,VRE,18160.0,18450.0,17910.0,17960.0,6988200
2024-08-01,VRE,18010.0,18200.0,17190.0,17580.0,13055900
2024-08-02,VRE,17340.0,17530.0,17140.0,17340.0,9306900
2024-08-05,VRE,17140.0,17240.0,16219.999999999998,16219.999999999998,13626200
2024-08-06,VRE,16420.0,16610.0,16129.999999999998,16420.0,12005000
2024-08-07,VRE,17090.0,17530.0,17050.0,17380.0,21450600
2024-08-08,VRE,17290.0,17380.0,16850.0,17050.0,8490200
2024-08-09,VRE,17190.0,17190.0,16760.0,16900.0,4712100
2024-08-12,VRE,16850.0,17050.0,16660.0,16800.0,4950200
2024-08-13,VRE,16800.0,17090.0,16760.0,16850.0,4207100
2024-08-14,VRE,16900.0,17530.0,16900.0,17380.0,12337200
2024-08-15,VRE,17430.0,17630.0,17190.0,17190.0,7865700
2024-08-16,VRE,17340.0,17820.0,17290.0,17670.0,8623500
2024-08-19,VRE,17820.0,17820.0,17580.0,17670.0,6788300
2024-08-20,VRE,17630.0,18350.0,17630.0,18110.0,13861700
2024-08-21,VRE,18110.0,18250.0,18010.0,18250.0,6213600
2024-08-22,VRE,18250.0,19460.0,18250.0,19030.0,22027900
2024-08-23,VRE,19120.0,19170.0,18740.0,18830.0,7332100
2024-08-26,VRE,19030.0,19410.0,18930.0,19170.0,10385400
2024-08-27,VRE,19170.0,19940.0,19070.0,19360.0,15093200
2024-08-28,VRE,19460.0,19510.0,18830.0,18830.0,12575200
2024-08-29,VRE,18830.0,19070.0,18490.0,18590.0,12572000
2024-08-30,VRE,18690.0,18780.0,18540.0,18540.0,7658100
2024-09-04,VRE,18350.0,19030.0,18200.0,19030.0,11532600
2024-09-05,VRE,19120.0,19650.0,18980.0,19030.0,12485100
2024-09-06,VRE,19070.0,19410.0,18740.0,19410.0,11269400
2024-09-09,VRE,19270.0,19560.0,19170.0,19410.0,7303300
2024-09-10,VRE,19510.0,19600.0,18400.0,18540.0,19049800
2024-09-11,VRE,18540.0,18690.0,17960.0,18450.0,8396500
2024-09-12,VRE,18640.0,18690.0,18350.0,18350.0,3212500
2024-09-13,VRE,18450.0,18740.0,18200.0,18640.0,4986800
2024-09-16,VRE,18640.0,18740.0,18250.0,18250.0,5645600
2024-09-17,VRE,18350.0,18740.0,18250.0,18740.0,6036500
2024-09-18,VRE,18780.0,19070.0,18490.0,18490.0,8583000
2024-09-19,VRE,18640.0,18780.0,18590.0,18780.0,4719500
2024-09-20,VRE,18980.0,19070.0,18740.0,18830.0,12860100
2024-09-23,VRE,18830.0,18880.0,18350.0,18350.0,10845800
2024-09-24,VRE,18400.0,18450.0,18250.0,18400.0,5918900
2024-09-25,VRE,18640.0,18640.0,18400.0,18450.0,7600900
2024-09-26,VRE,18590.0,18740.0,18490.0,18540.0,6640500
2024-09-27,VRE,18640.0,19030.0,18490.0,18740.0,11672700
2024-09-30,VRE,18740.0,18740.0,18450.0,18450.0,6834300
2024-10-01,VRE,18490.0,18880.0,18450.0,18740.0,9870100
2024-10-02,VRE,18590.0,18690.0,18450.0,18490.0,5084600
2024-10-03,VRE,18490.0,18590.0,17960.0,18010.0,14455900
2024-10-04,VRE,18010.0,18010.0,17630.0,17670.0,9504200
2024-10-07,VRE,17820.0,17870.0,17530.0,17630.0,4876600
2024-10-08,VRE,17670.0,17770.0,17530.0,17720.0,3231300
2024-10-09,VRE,17670.0,17870.0,17630.0,17870.0,3292200
2024-10-10,VRE,17960.0,18060.0,17820.0,17820.0,3633500
2024-10-11,VRE,17870.0,18450.0,17720.0,18350.0,12919000
2024-10-14,VRE,18740.0,18930.0,18400.0,18490.0,11560900
2024-10-15,VRE,18490.0,18540.0,18160.0,18160.0,6680600
2024-10-16,VRE,18160.0,18250.0,18010.0,18060.0,4185200
2024-10-17,VRE,18060.0,18200.0,17960.0,18110.0,5000900
2024-10-18,VRE,18300.0,18450.0,18110.0,18110.0,5084500
2024-10-21,VRE,18160.0,18640.0,18110.0,18450.0,11488800
2024-10-22,VRE,18450.0,18490.0,17910.0,17960.0,9087500
2024-10-23,VRE,18010.0,18400.0,17960.0,18010.0,6222700
2024-10-24,VRE,18060.0,18060.0,17530.0,17530.0,10654400
2024-10-25,VRE,17630.0,17670.0,17480.0,17530.0,4770300
2024-10-28,VRE,17580.0,17630.0,17480.0,17480.0,3242500
2024-10-29,VRE,17530.0,17670.0,17480.0,17530.0,3815600
2024-10-30,VRE,17580.0,17670.0,17430.0,17580.0,4299200
2024-10-31,VRE,17580.0,17580.0,17240.0,17240.0,6931800
2024-11-01,VRE,17240.0,17340.0,17090.0,17140.0,10571700
2024-11-04,VRE,17190.0,17240.0,16950.0,17090.0,4921400
2024-11-05,VRE,17000.0,17240.0,17000.0,17140.0,2633700
2024-11-06,VRE,17290.0,17430.0,17190.0,17430.0,2971100
2024-11-07,VRE,17580.0,17670.0,17430.0,17430.0,2770700
2024-11-08,VRE,17530.0,17530.0,17140.0,17340.0,4487200
2024-11-11,VRE,17190.0,17380.0,17000.0,17380.0,5983800
2024-11-12,VRE,17240.0,17580.0,17240.0,17380.0,4570800
2024-11-13,VRE,17380.0,17580.0,17340.0,17480.0,6231800
2024-11-14,VRE,17480.0,18010.0,17480.0,17480.0,11398800
2024-11-15,VRE,17530.0,17870.0,17430.0,17580.0,10515600
2024-11-18,VRE,17580.0,17870.0,17480.0,17480.0,7123800
2024-11-19,VRE,17480.0,17630.0,17290.0,17290.0,4931300
2024-11-20,VRE,17290.0,17530.0,17140.0,17290.0,9344600
2024-11-21,VRE,17380.0,17580.0,17340.0,17580.0,6395700
2024-11-22,VRE,17580.0,17670.0,17480.0,17480.0,5011100
2024-11-25,VRE,17480.0,17720.0,17480.0,17630.0,4345600
2024-11-26,VRE,17630.0,17820.0,17580.0,17670.0,4397100
2024-11-27,VRE,17670.0,17720.0,17430.0,17480.0,3678200
2024-11-28,VRE,17630.0,17630.0,17290.0,17380.0,5075200
2024-11-29,VRE,17340.0,17380.0,17190.0,17290.0,7796000
2024-12-02,VRE,17290.0,17380.0,17090.0,17240.0,7004000
2024-12-03,VRE,17240.0,17240.0,17090.0,17090.0,4707800
2024-12-04,VRE,17050.0,17090.0,16610.0,16710.0,10716000
2024-12-05,VRE,16800.0,17290.0,16760.0,17240.0,6615400
2024-12-06,VRE,17140.0,17290.0,17050.0,17090.0,6189500
2024-12-09,VRE,17090.0,17240.0,17090.0,17090.0,4682100
2024-12-10,VRE,17090.0,17190.0,16900.0,16950.0,4540800
2024-12-11,VRE,17000.0,17050.0,16760.0,16760.0,8251600
2024-12-12,VRE,16900.0,16900.0,16710.0,16710.0,4406000
2024-12-13,VRE,16710.0,16800.0,16610.0,16760.0,3566800
2024-12-16,VRE,16760.0,16850.0,16610.0,16710.0,3468400
2024-12-17,VRE,16710.0,16760.0,16510.0,16560.0,5731600
2024-12-18,VRE,16560.0,16610.0,16510.0,16510.0,4496000
2024-12-19,VRE,16470.0,16660.0,16370.000000000002,16470.0,6408800
2024-12-20,VRE,16470.0,16560.0,16420.0,16470.0,3568200
2024-12-23,VRE,16560.0,16610.0,16420.0,16470.0,4976400
2024-12-24,VRE,16470.0,16510.0,16320.0,16470.0,6940200
2024-12-25,VRE,16470.0,16900.0,16470.0,16710.0,9435700
2024-12-26,VRE,16760.0,16850.0,16560.0,16560.0,3726700
2024-12-27,VRE,16610.0,16660.0,16420.0,16560.0,5865200
2024-12-30,VRE,16470.0,16560.0,16420.0,16560.0,5681900
2024-12-31,VRE,16470.0,16710.0,16470.0,16560.0,4645500
2025-01-02,VRE,16610.0,16850.0,16610.0,16710.0,6915200
2025-01-03,VRE,16760.0,16850.0,16560.0,16610.0,2701100
2025-01-06,VRE,16610.0,16660.0,16420.0,16560.0,4480900
2025-01-07,VRE,16470.0,16560.0,16219.999999999998,16370.000000000002,7224500
2025-01-08,VRE,16320.0,16370.000000000002,16219.999999999998,16370.000000000002,3265700
2025-01-09,VRE,16320.0,16560.0,16219.999999999998,16420.0,3344000
2025-01-10,VRE,16420.0,16470.0,16079.999999999998,16270.0,8897000
2025-01-13,VRE,16219.999999999998,16270.0,15930.0,16129.999999999998,4774200
2025-01-14,VRE,16079.999999999998,16079.999999999998,15550.0,15550.0,6583700
2025-01-15,VRE,15650.0,15930.0,15550.0,15930.0,8227500
2025-01-16,VRE,15790.0,16129.999999999998,15790.0,15980.0,6720300
2025-01-17,VRE,15930.0,16030.000000000002,15890.0,15980.0,4432800
2025-01-20,VRE,15930.0,16270.0,15930.0,16030.000000000002,6900600
2025-01-21,VRE,16180.0,16180.0,15930.0,16030.000000000002,3529400
2025-01-22,VRE,16030.000000000002,16030.000000000002,15740.0,15740.0,3206000
2025-01-23,VRE,15650.0,15930.0,15650.0,15890.0,4626700
2025-01-24,VRE,15890.0,16079.999999999998,15740.0,15980.0,5325000
2025-02-03,VRE,15930.0,15930.0,15600.0,15740.0,6103500
2025-02-04,VRE,15740.0,15840.0,15650.0,15740.0,4430300
2025-02-05,VRE,15790.0,16510.0,15790.0,16270.0,13551200
2025-02-06,VRE,16320.0,16320.0,16129.999999999998,16129.999999999998,3805000
2025-02-07,VRE,16079.999999999998,16320.0,16030.000000000002,16270.0,6185200
2025-02-10,VRE,16129.999999999998,16180.0,15980.0,16030.000000000002,5381200
2025-02-11,VRE,16030.000000000002,16030.000000000002,15740.0,15840.0,6501700
2025-02-12,VRE,15980.0,16030.000000000002,15840.0,15840.0,2712700
2025-02-13,VRE,15840.0,16129.999999999998,15840.0,16079.999999999998,4323500
2025-02-14,VRE,16129.999999999998,16219.999999999998,15980.0,16030.000000000002,5337400
2025-02-17,VRE,16030.000000000002,16129.999999999998,15840.0,15890.0,6732800
2025-02-18,VRE,15930.0,16470.0,15890.0,16270.0,10881800
2025-02-19,VRE,16320.0,16710.0,16219.999999999998,16610.0,11283100
2025-02-20,VRE,16660.0,16850.0,16660.0,16760.0,10812700
2025-02-21,VRE,16760.0,16800.0,16510.0,16660.0,8867700
2025-02-24,VRE,16610.0,16760.0,16510.0,16760.0,7296500
2025-02-25,VRE,16800.0,16900.0,16660.0,16660.0,5837200
2025-02-26,VRE,16660.0,16760.0,16420.0,16560.0,5280100
2025-02-27,VRE,16560.0,16610.0,16320.0,16610.0,8005700
2025-02-28,VRE,16660.0,17050.0,16610.0,16800.0,11416300
2025-03-03,VRE,16760.0,17340.0,16760.0,17090.0,12108200
2025-03-04,VRE,17000.0,17190.0,16950.0,17090.0,11254500
2025-03-05,VRE,17090.0,17430.0,17000.0,17140.0,12706900
2025-03-06,VRE,17140.0,17340.0,17050.0,17240.0,7172100
2025-03-07,VRE,17240.0,17870.0,17190.0,17580.0,16865500
2025-03-10,VRE,17720.0,17820.0,17580.0,17630.0,8696300
2025-03-11,VRE,17290.0,17630.0,17090.0,17580.0,8111000
2025-03-12,VRE,17580.0,17820.0,17530.0,17670.0,11789600
2025-03-13,VRE,17670.0,18540.0,17630.0,18160.0,29808500
2025-03-14,VRE,18250.0,18450.0,18060.0,18110.0,11422100
2025-03-17,VRE,18010.0,18160.0,17960.0,18060.0,9392000
2025-03-18,VRE,18060.0,18160.0,17770.0,17820.0,12489700
2025-03-19,VRE,17720.0,17870.0,17480.0,17820.0,11508000
2025-03-20,VRE,17870.0,18110.0,17670.0,17770.0,3614700
2025-03-21,VRE,17770.0,17870.0,17530.0,17820.0,9853900
2025-03-24,VRE,17820.0,18540.0,17770.0,18490.0,19774400
2025-03-25,VRE,18540.0,19600.0,18450.0,19120.0,30908400
2025-03-26,VRE,19270.0,19460.0,19070.0,19270.0,22377500
2025-03-27,VRE,19270.0,19360.0,18930.0,18980.0,9652800
2025-03-28,VRE,18930.0,18980.0,18690.0,18830.0,9353000
2025-03-31,VRE,18640.0,18780.0,18400.0,18490.0,11536000
2025-04-01,VRE,18690.0,19410.0,18590.0,19320.0,16455600
2025-04-02,VRE,19510.0,19850.0,19220.0,19460.0,22985300
2025-04-03,VRE,18640.0,18930.0,18110.0,18110.0,18588500
2025-04-04,VRE,16850.0,18160.0,16850.0,18160.0,27118700
2025-04-08,VRE,17380.0,17530.0,16900.0,16900.0,20763200
2025-04-09,VRE,15930.0,17720.0,15930.0,17380.0,24613900
2025-04-10,VRE,18590.0,18590.0,18590.0,18590.0,1890900
2025-04-11,VRE,18450.0,18930.0,18200.0,18740.0,16425100
2025-04-14,VRE,18830.0,19650.0,18590.0,19600.0,18452000
2025-04-15,VRE,19600.0,19990.0,19270.0,19600.0,19239000
2025-04-16,VRE,19510.0,20380.0,19460.0,19700.0,19670700
2025-04-17,VRE,19560.0,19890.0,19410.0,19700.0,9657700
2025-04-18,VRE,19750.0,20280.0,18880.0,19700.0,18997200
2025-04-21,VRE,19360.0,19940.0,19360.0,19700.0,13359200
2025-04-22,VRE,19650.0,19890.0,18640.0,19890.0,19583700
2025-04-23,VRE,20230.0,21250.0,19990.0,21200.0,26859000
2025-04-24,VRE,21250.0,22310.0,21050.0,22020.0,16543000
2025-04-25,VRE,22020.0,22070.0,21540.0,22020.0,18916200
2025-04-28,VRE,22020.0,22700.0,21780.0,22310.0,14336300
2025-04-29,VRE,22120.0,23130.0,21440.0,22840.0,19406900
2025-05-05,VRE,23760.0,24050.0,23660.0,24050.0,13894100
2025-05-06,VRE,24100.0,24100.0,23560.0,24050.0,14299500
2025-05-07,VRE,24000.0,24100.0,23710.0,24050.0,10299900
2025-05-08,VRE,23950.0,24720.0,23810.0,24140.0,8070800
2025-05-09,VRE,23950.0,24240.0,23850.0,24140.0,8062500
2025-05-12,VRE,24140.0,24720.0,24000.0,24630.0,6970400
2025-05-13,VRE,24630.0,24630.0,23900.0,24530.0,11591700
2025-05-14,VRE,24100.0,24630.0,23520.0,23850.0,12161100
2025-05-15,VRE,23660.0,23660.0,22210.0,23320.0,28934800
2025-05-16,VRE,23270.0,23710.0,22790.0,23660.0,13251800
2025-05-19,VRE,23660.0,24340.0,23420.0,23900.0,10039000
2025-05-20,VRE,23900.0,25010.0,23850.0,24920.0,15404600
2025-05-21,VRE,25300.0,25400.0,24480.0,24870.0,10755400
2025-05-22,VRE,24770.0,25160.0,24240.0,24480.0,13504200
2025-05-23,VRE,24430.0,25210.0,24290.0,24770.0,10961400
2025-05-26,VRE,24720.0,24770.0,23660.0,24630.0,8734200
2025-05-27,VRE,24630.0,24870.0,24390.0,24430.0,11529600
2025-05-28,VRE,24680.0,25880.0,24480.0,25790.0,16719800
2025-05-29,VRE,25880.0,26750.0,25880.0,26700.0,16071500
2025-05-30,VRE,26700.0,26750.0,26080.0,26560.0,9128900
2025-06-02,VRE,26170.0,26410.0,25350.0,25790.0,9428800
2025-06-03,VRE,25540.0,26080.0,25210.0,25590.0,8760100
2025-06-04,VRE,25300.0,26080.0,25300.0,26030.0,8610700
2025-06-05,VRE,25880.0,26080.0,25500.0,26080.0,6679200
2025-06-06,VRE,25590.0,25930.0,25500.0,25590.0,6871900
2025-06-09,VRE,25210.0,25500.0,24680.0,24680.0,6911700
2025-06-10,VRE,24140.0,25590.0,24100.0,25590.0,8419800
2025-06-11,VRE,25590.0,25590.0,24580.0,25210.0,5462700
2025-06-12,VRE,25300.0,25400.0,24340.0,24340.0,4814800
2025-06-13,VRE,23950.0,24140.0,22980.0,23710.0,8131000
2025-06-16,VRE,23710.0,23810.0,23270.0,23660.0,4654300
2025-06-17,VRE,23660.0,24630.0,23610.0,23710.0,4824800
2025-06-18,VRE,23710.0,23950.0,23560.0,23810.0,2184400
2025-06-19,VRE,23660.0,24050.0,23560.0,23850.0,3163600
2025-06-20,VRE,23850.0,23850.0,23420.0,23760.0,3835300
2025-06-23,VRE,23470.0,24240.0,22980.0,23900.0,6222100
2025-06-24,VRE,24240.0,24430.0,23950.0,24050.0,5022800
2025-06-25,VRE,24100.0,24390.0,23810.0,23810.0,4185200
2025-06-26,VRE,23850.0,23950.0,23660.0,23660.0,2339400
2025-06-27,VRE,23660.0,23950.0,23520.0,23950.0,3685200
2025-06-30,VRE,23950.0,24100.0,23710.0,23810.0,3083800
2025-07-01,VRE,23810.0,23950.0,23610.0,23950.0,2538400
2025-07-02,VRE,23950.0,24480.0,23760.0,24340.0,3831600
2025-07-03,VRE,24340.0,24340.0,23900.0,24190.0,6855300
2025-07-04,VRE,24240.0,24630.0,24190.0,24290.0,4588600
2025-07-07,VRE,24340.0,24720.0,24240.0,24630.0,3747000
2025-07-08,VRE,24820.0,24920.0,24480.0,24920.0,3443700
2025-07-09,VRE,25110.0,25880.0,24870.0,25880.0,7759900
2025-07-10,VRE,26080.0,27520.0,26080.0,27480.0,13962700
2025-07-11,VRE,27720.0,27910.0,27090.0,27620.0,7700700
2025-07-14,VRE,27910.0,28100.0,26990.0,27670.0,6658200
2025-07-15,VRE,27520.0,27620.0,27090.0,27190.0,4647500
2025-07-16,VRE,27090.0,27810.0,26990.0,27810.0,5861400
2025-07-17,VRE,27860.0,28920.0,27520.0,28730.0,8809200
2025-07-18,VRE,28780.0,29260.0,28060.0,28440.0,3899600
2025-07-21,VRE,28440.0,28440.0,27810.0,28010.0,5258300
2025-07-22,VRE,27770.0,28970.0,27520.0,28970.0,5086200
2025-07-23,VRE,28970.0,28970.0,28250.0,28250.0,4012000
2025-07-24,VRE,28300.0,28780.0,27480.0,28780.0,4625400
2025-07-25,VRE,28300.0,28780.0,28100.0,28490.0,2340600
2025-07-28,VRE,28780.0,28780.0,28100.0,28340.0,4276400
2025-07-29,VRE,28390.0,28490.0,27040.0,27040.0,8023000
2025-07-30,VRE,26900.0,27330.0,26080.0,27140.0,6229900
2025-07-31,VRE,26650.0,27430.0,26610.0,27140.0,5569600
2025-08-01,VRE,26940.0,27520.0,26800.0,27480.0,3122700
2025-08-04,VRE,27430.0,28150.0,27330.0,28100.0,4250700
2025-08-05,VRE,28340.0,29940.0,28010.0,29890.0,12353200
2025-08-06,VRE,29750.0,29840.0,28830.0,29070.0,4813500
2025-08-07,VRE,29070.0,29460.0,28200.0,29460.0,6151200
2025-08-08,VRE,28590.0,29210.0,28200.0,28970.0,8286700
2025-08-11,VRE,28630.0,28880.0,28300.0,28340.0,4094300
2025-08-12,VRE,28340.0,28730.0,28340.0,28440.0,4346600
2025-08-13,VRE,28440.0,28630.0,27670.0,28440.0,7518200
2025-08-14,VRE,28490.0,29360.0,28100.0,29120.0,8269000
2025-08-15,VRE,29210.0,30320.0,28540.0,29260.0,8621800
2025-08-18,VRE,29170.0,29170.0,28300.0,28920.0,4719500
2025-08-19,VRE,28490.0,28920.0,28200.0,28920.0,8363700
2025-08-20,VRE,28880.0,29650.0,28390.0,28970.0,11045900
2025-08-21,VRE,28970.0,29460.0,28490.0,29360.0,7598200
2025-08-22,VRE,28830.0,29070.0,27670.0,28970.0,10650500
2025-08-25,VRE,29070.0,29750.0,28390.0,28970.0,6458300
2025-08-26,VRE,29170.0,30610.0,28830.0,30230.0,8904200
2025-08-27,VRE,30180.0,30230.0,29500.0,29550.0,4508200
2025-08-28,VRE,29550.0,29700.0,28970.0,29650.0,5267000
2025-08-29,VRE,29460.0,29700.0,28970.0,29360.0,9892100
2025-09-03,VRE,28970.0,29260.0,28880.0,29120.0,6885100
2025-09-04,VRE,29360.0,29360.0,28880.0,29260.0,4316100
2025-09-05,VRE,29260.0,30130.0,29120.0,29260.0,7492700
2025-09-08,VRE,29260.0,29790.0,29210.0,29260.0,4186600
2025-09-09,VRE,29260.0,29500.0,29070.0,29260.0,2922000
2025-09-10,VRE,29410.0,29550.0,29020.0,29550.0,2722200
2025-09-11,VRE,29550.0,30660.0,29210.0,30030.0,4984300
2025-09-12,VRE,30030.0,30230.0,29550.0,29700.0,2635500
2025-09-15,VRE,29700.0,30030.0,29500.0,29600.0,3038800
2025-09-16,VRE,29890.0,30030.0,29550.0,29550.0,2795800
2025-09-17,VRE,29500.0,29840.0,29170.0,29170.0,4134100
2025-09-18,VRE,29020.0,30420.0,29020.0,29170.0,6786300
2025-09-19,VRE,29260.0,29550.0,28440.0,28440.0,7315200
2025-09-22,VRE,28590.0,28780.0,27430.0,27810.0,6309100
2025-09-23,VRE,27520.0,27810.0,27330.0,27330.0,3505100
2025-09-24,VRE,27330.0,28150.0,26900.0,28010.0,3542100
2025-09-25,VRE,28010.0,28540.0,27810.0,28390.0,3095400
2025-09-26,VRE,28440.0,28440.0,27810.0,28390.0,3372100
2025-09-29,VRE,28100.0,29020.0,27810.0,28970.0,4493600
2025-09-30,VRE,29360.0,31000.0,29260.0,31000.0,17459400
2025-10-01,VRE,31390.0,33130.0,31390.0,32009.999999999996,11521500
2025-10-02,VRE,32060.000000000004,32350.0,30660.0,30660.0,6929900
2025-10-03,VRE,30660.0,32740.000000000004,29550.0,31630.0,11848400
2025-10-06,VRE,33320.0,33800.0,32159.999999999996,33800.0,16082700
2025-10-07,VRE,34770.0,35350.0,33800.0,33800.0,12556500
2025-10-08,VRE,34090.0,35200.0,32980.0,35060.0,17296100
2025-10-09,VRE,35250.0,37470.0,34860.0,36700.0,25692700
2025-10-10,VRE,36700.0,39020.0,36220.0,38970.0,20025400
2025-10-13,VRE,39020.0,41530.0,38970.0,41530.0,27893300
2025-10-14,VRE,42590.0,43650.0,41240.0,41290.0,32089100
2025-10-15,VRE,41190.0,41580.0,39640.0,40470.0,19684200
2025-10-16,VRE,40750.0,42010.0,39600.0,41910.0,17983400
2025-10-17,VRE,42010.0,42060.0,39400.0,39600.0,20871000
2025-10-20,VRE,38150.0,39890.0,36840.0,36840.0,18979900
2025-10-21,VRE,36750.0,38100.0,35300.0,37470.0,17634200
2025-10-22,VRE,38050.0,38050.0,35110.0,37660.0,14611500
2025-10-23,VRE,37570.0,38580.0,36310.0,38050.0,10632500
2025-10-24,VRE,37860.0,38440.0,36800.0,37470.0,9011700
2025-10-27,VRE,37660.0,38390.0,34860.0,34860.0,12570400
2025-10-28,VRE,33560.0,35730.0,32450.000000000004,35540.0,28526100
2025-10-29,VRE,35830.0,35830.0,33850.0,34720.0,8951300
2025-10-30,VRE,34720.0,34720.0,32930.0,33420.0,9832700
2025-10-31,VRE,32930.0,33130.0,31770.0,32159.999999999996,15108600
2025-11-03,VRE,32110.0,32640.0,30280.0,30280.0,16286200
2025-11-04,VRE,30280.0,32350.0,30280.0,32350.0,11076100
2025-11-05,VRE,32060.000000000004,32159.999999999996,31100.0,31390.0,8660900
2025-11-06,VRE,30900.0,31440.0,30710.0,30900.0,8062400
2025-11-07,VRE,30710.0,30760.0,29170.0,30280.0,14429600
2025-11-10,VRE,30230.0,30230.0,28780.0,28780.0,8905300
2025-11-11,VRE,28780.0,30370.0,28730.0,29990.0,10444200
2025-11-12,VRE,30180.0,31730.0,30030.0,31680.0,8248200
2025-11-13,VRE,31580.0,31580.0,30710.0,30860.0,5900500
2025-11-14,VRE,30570.0,31000.0,30470.0,31000.0,5608700
2025-11-17,VRE,31150.0,31920.0,30950.0,31100.0,7528900
2025-11-18,VRE,31100.0,31390.0,30950.0,31240.0,5069300
2025-11-19,VRE,31190.0,31190.0,30470.0,30520.0,6884500
2025-11-20,VRE,30660.0,31340.0,30610.0,30900.0,5225000
2025-11-21,VRE,30710.0,31190.0,30420.0,31100.0,5864200
2025-11-24,VRE,31190.0,33270.0,31150.0,33270.0,26444000
2025-11-25,VRE,34190.0,34190.0,32159.999999999996,32259.999999999996,12123000
2025-11-26,VRE,32350.0,33220.0,32210.0,32689.999999999996,7893300
2025-11-27,VRE,32930.0,33700.0,32500.0,32500.0,7224500
2025-11-28,VRE,32500.0,33080.0,32009.999999999996,33080.0,9244100
2025-12-01,VRE,33420.0,34480.0,33220.0,33700.0,11792100
2025-12-02,VRE,33700.0,33700.0,32450.000000000004,33700.0,10035200
2025-12-03,VRE,33660.0,33660.0,32689.999999999996,33320.0,7974700
2025-12-04,VRE,33030.0,33270.0,32640.0,33220.0,6232200
2025-12-05,VRE,33220.0,33700.0,32590.000000000004,32640.0,7428400
2025-12-08,VRE,32640.0,32880.0,31680.0,31820.0,7479300
2025-12-09,VRE,31820.0,32259.999999999996,30230.0,30900.0,11236500
2025-12-10,VRE,30810.0,30900.0,28970.0,28970.0,13287200
2025-12-11,VRE,29070.0,29650.0,28490.0,28490.0,8031400
2025-12-12,VRE,28970.0,29020.0,26510.0,26510.0,14302200
2025-12-15,VRE,26510.0,28340.0,26510.0,27910.0,11731800
2025-12-16,VRE,28200.0,28590.0,27190.0,28590.0,7805400
2025-12-17,VRE,28540.0,29750.0,27960.0,28680.0,8617800
2025-12-18,VRE,28920.0,29500.0,28540.0,29310.0,6326300
2025-12-19,VRE,29310.0,30710.0,29170.0,30610.0,10546100
2025-12-22,VRE,30810.0,31870.0,29940.0,31870.0,9656000
2025-12-23,VRE,31580.0,33800.0,31290.0,33080.0,14877500
2025-12-24,VRE,33270.0,33560.0,32060.000000000004,33460.0,9103700
2025-12-25,VRE,33510.0,35780.0,31150.0,31150.0,17089700
2025-12-26,VRE,28970.0,30900.0,28970.0,30900.0,20927400
2025-12-29,VRE,30900.0,32790.0,30230.0,32060.000000000004,7573400
2025-12-30,VRE,32350.0,32450.000000000004,30900.0,31680.0,8839700
2025-12-31,VRE,31390.0,32640.0,31100.0,32500.0,9567900
2026-01-05,VRE,32740.000000000004,34620.0,32640.0,34380.0,13719300
2026-01-06,VRE,34860.0,36750.0,34480.0,36750.0,21287500
2026-01-07,VRE,37470.0,38150.0,35350.0,37230.0,11861100
2026-01-08,VRE,37080.0,37180.0,34670.0,34670.0,16566300
2026-01-09,VRE,34380.0,34820.0,33320.0,33800.0,15581100
2026-01-12,VRE,33320.0,33800.0,31440.0,31480.0,25316700
2026-01-13,VRE,31240.0,33270.0,31240.0,32400.0,10555700
2026-01-14,VRE,32400.0,32400.0,30370.0,30710.0,16104600
2026-01-15,VRE,30420.0,30420.0,28780.0,30370.0,16477000
2026-01-16,VRE,30520.0,31390.0,30520.0,30900.0,9250200
2026-01-19,VRE,31440.0,31480.0,30080.0,30900.0,8573500
2026-01-20,VRE,30570.0,30900.0,29940.0,30080.0,10790100
2026-01-21,VRE,30030.0,30660.0,29940.0,30180.0,6966700
2026-01-22,VRE,30130.0,31050.0,29940.0,30760.0,7252900
2026-01-23,VRE,31050.0,31870.0,30760.0,31290.0,7919100
2026-01-26,VRE,31390.0,31390.0,29700.0,29940.0,6004100
2026-01-27,VRE,29940.0,29940.0,28200.0,29840.0,10746100
2026-01-28,VRE,29410.0,29750.0,27770.0,28100.0,14010100
2026-01-29,VRE,28830.0,28970.0,28060.0,28970.0,3830500
2026-01-30,VRE,28880.0,29170.0,28490.0,29170.0,6955000
2026-02-02,VRE,28780.0,28880.0,27140.0,27140.0,13210300
2026-02-03,VRE,27520.0,28100.0,27140.0,27430.0,7761900
2026-02-04,VRE,27520.0,27620.0,26170.0,27280.0,11640600
2026-02-05,VRE,27090.0,28920.0,27090.0,27810.0,13569200
2026-02-06,VRE,27330.0,28250.0,27040.0,27090.0,8635700
2026-02-09,VRE,27230.0,27230.0,26510.0,27230.0,5565300
2026-02-10,VRE,27140.0,28540.0,26940.0,27960.0,11245800
2026-02-11,VRE,28010.0,28440.0,27810.0,28390.0,6146600
2026-02-12,VRE,28490.0,29210.0,28200.0,28920.0,7592200
2026-02-13,VRE,28970.0,28970.0,28100.0,28780.0,7063500
2026-02-23,VRE,28970.0,29070.0,28390.0,28970.0,6284400
2026-02-24,VRE,28590.0,28680.0,28340.0,28490.0,5228100
2026-02-25,VRE,28300.0,28490.0,27570.0,27570.0,9042700
2026-02-26,VRE,27570.0,28830.0,27570.0,28730.0,5428900
2026-02-27,VRE,28780.0,28780.0,28060.0,28060.0,3100400
2026-03-02,VRE,27520.0,27770.0,26850.0,26850.0,8153700
2026-03-03,VRE,26850.0,27040.0,25160.0,25450.0,9568800
2026-03-04,VRE,25400.0,27040.0,24480.0,27040.0,9389800
2026-03-05,VRE,26850.0,27620.0,26080.0,26080.0,6995600
2026-03-06,VRE,26080.0,26080.0,25350.0,25350.0,3666200
2026-03-09,VRE,23610.0,24140.0,23610.0,23610.0,3092300
2026-03-10,VRE,24140.0,24140.0,22700.0,23230.0,10408500
2026-03-11,VRE,23180.0,24720.0,23080.0,24720.0,8105900
2026-03-12,VRE,23950.0,25210.0,23950.0,25010.0,6624900
2026-03-13,VRE,24720.0,25110.0,24390.0,24390.0,3440100
2026-03-16,VRE,24390.0,25010.0,24240.0,25010.0,4825600
2026-03-17,VRE,25110.0,25980.0,25010.0,25540.0,5159000
2026-03-18,VRE,25590.0,26030.0,25210.0,25210.0,3490200
2026-03-19,VRE,25110.0,25210.0,24480.0,25160.0,5186300
2026-03-20,VRE,24770.0,25250.0,23950.0,25250.0,8424800
2026-03-23,VRE,24680.0,24680.0,23660.0,24480.0,5054500
2026-03-24,VRE,24290.0,24770.0,24290.0,24430.0,2727600
2026-03-25,VRE,24580.0,25540.0,24530.0,25450.0,5258800
2026-03-26,VRE,25300.0,25400.0,24680.0,24680.0,2053900
2026-03-27,VRE,24680.0,25160.0,24430.0,24870.0,3502600
2026-03-30,VRE,24140.0,24820.0,24140.0,24770.0,2525500
2026-03-31,VRE,24820.0,24960.0,24580.0,24870.0,2502700
2026-04-01,VRE,25880.0,26610.0,25790.0,26610.0,10207100
2026-04-02,VRE,27040.0,27330.0,26270.0,26270.0,6533700
2026-04-03,VRE,26080.0,27280.0,25450.0,25590.0,6426300
2026-04-06,VRE,25400.0,26080.0,24770.0,24870.0,3943800
2026-04-07,VRE,24870.0,25450.0,24630.0,24920.0,2820600
2026-04-08,VRE,25880.0,26650.0,25590.0,26650.0,7005000
2026-04-09,VRE,26560.0,27090.0,26270.0,26650.0,5733600
2026-04-10,VRE,26900.0,27040.0,26120.0,26560.0,4603300
2026-04-13,VRE,26080.0,27090.0,25980.0,26610.0,3915100
2026-04-14,VRE,26900.0,27090.0,26650.0,26940.0,3851100
2026-04-15,VRE,27330.0,28680.0,27280.0,28300.0,14406500
2026-04-16,VRE,28490.0,29600.0,28010.0,28590.0,16443400
2026-04-17,VRE,28200.0,28970.0,27570.0,27620.0,7239000
2026-04-20,VRE,27620.0,28490.0,27190.0,28440.0,6682700
2026-04-21,VRE,28590.0,29260.0,28200.0,28300.0,10605500
2026-04-22,VRE,28340.0,29460.0,27720.0,28920.0,9081900
2026-04-23,VRE,29260.0,29410.0,28060.0,28060.0,10079200
2026-04-24,VRE,28540.0,28730.0,27720.0,27810.0,4957500
2026-04-28,VRE,27810.0,29750.0,27770.0,29750.0,16458400
2026-04-29,VRE,30420.0,31680.0,30130.0,31190.0,16939100
2026-05-04,VRE,31580.0,32640.0,31440.0,32549.999999999996,10352200
2026-05-05,VRE,31920.0,34380.0,31530.0,33990.0,15997900
2026-05-06,VRE,34380.0,35350.0,33320.0,35350.0,10445000
2026-05-07,VRE,35640.0,36220.0,33990.0,35250.0,12839000
2026-05-08,VRE,35060.0,35250.0,34140.0,34670.0,8119600
2026-05-11,VRE,34720.0,35930.0,32450.000000000004,32450.000000000004,11671900
2026-05-12,VRE,32159.999999999996,34380.0,32060.000000000004,34240.0,12470600
2026-05-13,VRE,34670.0,34670.0,31870.0,31870.0,14370000
2026-05-14,VRE,32159.999999999996,33420.0,31820.0,32980.0,7067600
2026-05-15,VRE,33030.0,33320.0,31970.0,32840.0,5675800
2026-05-18,VRE,32500.0,33030.0,31390.0,31970.0,8326000
2026-05-19,VRE,32009.999999999996,32840.0,31440.0,32350.0,8829500
2026-05-20,VRE,32350.0,32980.0,30950.0,32350.0,7397400
2026-05-21,VRE,32500.0,32840.0,31580.0,31680.0,4956200
2026-05-22,VRE,31680.0,31680.0,30280.0,30610.0,7363200
2026-05-25,VRE,30900.0,31970.0,30860.0,31680.0,4609600
2026-05-26,VRE,31680.0,31770.0,31100.0,31580.0,2920100
2026-05-27,VRE,31390.0,31480.0,30030.0,30180.0,6536400
2026-05-28,VRE,30230.0,31680.0,30080.0,31150.0,6400700
2026-05-29,VRE,31150.0,31340.0,30610.0,31150.0,3625300
2026-06-01,VRE,31100.0,31100.0,30030.0,30130.0,3426500
2026-06-02,VRE,30180.0,30760.0,29600.0,29940.0,4196500
2026-06-03,VRE,29940.0,30030.0,28390.0,29020.0,6191400
2026-06-04,VRE,29310.0,30470.0,28920.0,30030.0,3978600
2026-06-05,VRE,30080.0,30570.0,29790.0,30130.0,4324400
2026-06-08,VRE,29840.0,29840.0,28590.0,28590.0,4741600
2026-06-09,VRE,28730.0,29070.0,27910.0,28100.0,3303700
2026-06-10,VRE,28300.0,28680.0,28100.0,28630.0,2052800
2026-06-11,VRE,28440.0,28440.0,28100.0,28150.0,1916700
2026-06-12,VRE,28440.0,28590.0,27620.0,27620.0,4237800
2026-06-15,VRE,28010.0,28250.0,27230.0,27570.0,5074300
2026-06-16,VRE,27620.0,28060.0,27620.0,27670.0,3292100
2026-06-17,VRE,27620.0,27620.0,26610.0,27190.0,9495300
2026-06-18,VRE,27910.0,29070.0,27810.0,29070.0,8609200
2026-06-19,VRE,29700.0,29700.0,28250.0,28340.0,6306500
2026-06-22,VRE,28440.0,30320.0,28060.0,29650.0,11475200
2026-06-23,VRE,29750.0,29940.0,28590.0,28780.0,6066900
2026-06-24,VRE,28880.0,29750.0,28590.0,29260.0,6045300
2026-06-25,VRE,29460.0,29460.0,28390.0,28590.0,4978900
2026-06-26,VRE,28590.0,29210.0,28490.0,28970.0,4951800
2026-06-29,VRE,28970.0,28970.0,28150.0,28200.0,5288500
2026-06-30,VRE,28200.0,28550.0,28100.0,28500.0,2981600
2026-07-01,VRE,28500.0,28550.0,28100.0,28300.0,2657500
2026-07-02,VRE,28300.0,28500.0,28050.0,28150.0,4005800
2026-07-03,VRE,28150.0,28600.0,28100.0,28150.0,3082100
2026-07-06,VRE,28450.0,28900.0,27250.0,27700.0,5346600
2026-07-07,VRE,27750.0,27800.0,27150.0,27350.0,2878800
2026-07-08,VRE,27000.0,27500.0,26900.0,27050.0,4906400
2026-07-09,VRE,27100.0,27400.0,26800.0,26900.0,2651800
2026-07-10,VRE,27100.0,27150.0,26300.0,26350.0,4811300
2026-07-13,VRE,26400.0,26450.0,25450.0,25900.0,5706000
2026-07-14,VRE,25400.0,25850.0,25400.0,25600.0,3288600
2026-07-15,VRE,25650.0,25700.0,24800.0,24800.0,4077000
2026-07-16,VRE,24800.0,25300.0,24550.0,25050.0,6194700
2026-07-17,VRE,25200.0,25250.0,24550.0,24550.0,3912600
2026-07-20,VRE,24500.0,24550.0,23150.0,23250.0,5306900
2026-07-21,VRE,23000.0,23700.0,22850.0,23050.0,6002700
2026-07-22,VRE,23350.0,23350.0,21750.0,21750.0,8710000
2026-07-23,VRE,21850.0,22400.0,21350.0,22000.0,7078200
2026-07-24,VRE,21800.0,22000.0,21500.0,21900.0,3204500
2026-07-27,VRE,21900.0,22300.0,21350.0,21350.0,3044300
2026-07-28,VRE,21250.0,21650.0,20900.0,21300.0,3761100
2026-07-29,VRE,21350.0,22750.0,21250.0,22750.0,8314800
2026-07-30,VRE,23150.0,24300.0,23000.0,24300.0,8461500
2026-07-31,VRE,25200.0,25750.0,24400.0,24800.0,11683500
2026-08-03,VRE,24800.0,25500.0,24350.0,25200.0,5323900
2026-08-04,VRE,25200.0,26800.0,25050.0,26400.0,10105100
2026-08-05,VRE,26800.0,26800.0,26150.0,26450.0,7224000
2026-08-06,VRE,26050.0,26200.0,25150.0,25300.0,8354100
2026-08-07,VRE,25100.0,25300.0,24650.0,24950.0,6142900
2026-08-10,VRE,25300.0,25550.0,24450.0,25550.0,4835600
2026-08-11,VRE,25550.0,25850.0,25200.0,25450.0,5175300
2026-08-12,VRE,25400.0,26000.0,25350.0,25450.0,4138600
2026-08-13,VRE,25500.0,25600.0,24600.0,24600.0,6789200
2026-08-14,VRE,24500.0,24600.0,23650.0,23950.0,8624500
2026-08-17,VRE,24000.0,24450.0,24000.0,24400.0,2862500
2026-08-18,VRE,24400.0,24950.0,24250.0,24400.0,2964400
2026-08-19,VRE,24400.0,24400.0,23950.0,24100.0,1888000
2026-08-20,VRE,24100.0,24550.0,24100.0,24150.0,3191100
2026-08-21,VRE,24000.0,25300.0,23900.0,25300.0,6035600
2026-08-24,VRE,25600.0,25750.0,25300.0,25300.0,4639000
2026-08-25,VRE,25100.0,25800.0,25100.0,25200.0,6940900
2026-08-26,VRE,25300.0,25600.0,25050.0,25600.0,4294500
2026-08-27,VRE,25600.0,26800.0,25600.0,26000.0,8205600
2026-08-28,VRE,26200.0,26750.0,25900.0,26100.0,8347500
2026-09-03,VRE,26100.0,26650.0,25850.0,26300.0,5017700
2026-09-04,VRE,26200.0,27000.0,26200.0,26500.0,7399400
2026-09-07,VRE,26500.0,27950.0,26500.0,27000.0,11633600
2026-09-08,VRE,27000.0,27250.0,26000.0,26200.0,5616000
2026-09-09,VRE,26200.0,27150.0,26200.0,26300.0,4030100
2026-09-10,VRE,26150.0,26500.0,25650.0,26450.0,3903200
2026-09-11,VRE,26150.0,26300.0,25600.0,25600.0,3766700
2026-09-14,VRE,25350.0,25750.0,24750.0,25750.0,6024200
2026-09-15,VRE,25800.0,25850.0,25400.0,25700.0,3375400
2026-09-16,VRE,25300.0,26000.0,25300.0,25500.0,2915600
2026-09-17,VRE,25450.0,26200.0,25400.0,25800.0,4502700
2026-09-18,VRE,25800.0,26400.0,25500.0,25500.0,7567800
2026-09-21,VRE,25800.0,25900.0,24550.0,24750.0,7088000
2026-09-22,VRE,24850.0,25300.0,24650.0,25100.0,2784700
2026-09-23,VRE,25200.0,25300.0,24800.0,24900.0,3217300
2026-09-24,VRE,24750.0,24900.0,24150.0,24150.0,5601600
2026-09-25,VRE,24100.0,24750.0,24050.0,24500.0,3865200
2026-09-28,VRE,24500.0,24800.0,24300.0,24400.0,2486400
2026-09-29,VRE,24200.0,24600.0,24150.0,24150.0,3118700
2026-09-30,VRE,24200.0,24500.0,24100.0,24350.0,3146200
2026-10-01,VRE,24350.0,24350.0,23800.0,24150.0,3642400
2026-10-02,VRE,24000.0,24250.0,23550.0,23600.0,3226400
2026-10-05,VRE,23600.0,23850.0,23450.0,23800.0,3082000
2026-10-06,VRE,23700.0,24000.0,23050.0,23800.0,3747500
2026-10-07,VRE,23700.0,23700.0,23250.0,23250.0,2708700
2026-10-08,VRE,23200.0,23550.0,23050.0,23100.0,3715300
2021-01-04,VCB,42330.0,43100.0,42020.0,42760.0,855900
2021-01-05,VCB,42760.0,43450.0,42760.0,42880.0,739200
2021-01-06,VCB,42970.0,45870.0,42880.0,45350.0,2080400
2021-01-07,VCB,44920.0,46870.0,44920.0,46220.0,889000
2021-01-08,VCB,46650.0,46650.0,45130.0,45260.0,963900
2021-01-11,VCB,45180.0,45650.0,44970.0,45130.0,847400
2021-01-12,VCB,45600.0,45600.0,45010.0,45600.0,634900
2021-01-13,VCB,45600.0,45820.0,44920.0,45260.0,1064200
2021-01-14,VCB,45350.0,45440.0,44620.0,44880.0,832200
2021-01-15,VCB,45260.0,45310.0,44260.0,44570.0,1099800
2021-01-18,VCB,44700.0,45350.0,44480.0,44620.0,1060400
2021-01-19,VCB,44520.0,44620.0,41490.0,42760.0,1130300
2021-01-20,VCB,42760.0,45730.0,42330.0,42790.0,2093000
2021-01-21,VCB,42790.0,44480.0,42330.0,44480.0,1283700
2021-01-22,VCB,44480.0,44920.0,44050.0,44480.0,1268500
2021-01-25,VCB,43670.0,44480.0,43670.0,44260.0,725900
2021-01-26,VCB,44260.0,44260.0,42760.0,43580.0,970500
2021-01-27,VCB,42790.0,43190.0,40550.0,42070.0,1566800
2021-01-28,VCB,39740.0,40290.0,39130.0,39130.0,1205500
2021-01-29,VCB,36930.0,41850.0,36930.0,40170.0,1359000
2021-02-01,VCB,41450.0,41450.0,39300.0,39340.0,1309600
2021-02-02,VCB,39740.0,41760.0,39740.0,41670.0,1064500
2021-02-03,VCB,42280.0,42760.0,41710.0,42710.0,1454600
2021-02-04,VCB,42710.0,42760.0,40550.0,42710.0,967300
2021-02-05,VCB,42710.0,43190.0,42280.0,43190.0,897400
2021-02-08,VCB,42760.0,43100.0,40210.0,40640.0,2902200
2021-02-09,VCB,41890.0,42070.0,40210.0,41980.0,2978900
2021-02-17,VCB,42110.0,43190.0,42110.0,43190.0,1054100
2021-02-18,VCB,42760.0,44050.0,42330.0,44050.0,1688900
2021-02-19,VCB,42840.0,43930.0,42790.0,43750.0,1851200
2021-02-22,VCB,43410.0,44050.0,43320.0,43450.0,1388700
2021-02-23,VCB,43190.0,43630.0,42840.0,43190.0,1441400
2021-02-24,VCB,43410.0,43630.0,41670.0,42380.0,1265300
2021-02-25,VCB,42760.0,42970.0,42160.0,42420.0,896100
2021-02-26,VCB,42020.0,42760.0,41890.0,42420.0,1070700
2021-03-01,VCB,42420.0,42880.0,42420.0,42840.0,911200
2021-03-02,VCB,43190.0,43970.0,42330.0,42880.0,1189600
2021-03-03,VCB,42460.0,42930.0,42420.0,42500.0,915600
2021-03-04,VCB,42590.0,42970.0,40210.0,42020.0,1118100
2021-03-05,VCB,41940.0,41980.0,41030.0,41630.0,1661600
2021-03-08,VCB,41890.0,41890.0,41030.0,41120.0,1501800
2021-03-09,VCB,41030.0,41030.0,40210.0,41030.0,1344300
2021-03-10,VCB,41030.0,41390.0,40600.0,41250.0,1063900
2021-03-11,VCB,41390.0,41800.0,41390.0,41590.0,1009800
2021-03-12,VCB,41590.0,41670.0,40810.0,41390.0,1259800
2021-03-15,VCB,41450.0,41890.0,41250.0,41590.0,1438400
2021-03-16,VCB,41450.0,41450.0,41080.0,41340.0,655800
2021-03-17,VCB,41250.0,41390.0,41030.0,41300.0,1239400
2021-03-18,VCB,41540.0,42110.0,41250.0,42110.0,1609100
2021-03-19,VCB,41940.0,41940.0,40680.0,40680.0,1595700
2021-03-22,VCB,41450.0,42110.0,41210.0,41890.0,1902000
2021-03-23,VCB,41850.0,41850.0,41210.0,41390.0,940800
2021-03-24,VCB,41030.0,41430.0,40640.0,40910.0,1422500
2021-03-25,VCB,40910.0,41450.0,40810.0,41080.0,1160300
2021-03-26,VCB,41030.0,41250.0,40460.0,40990.0,1196800
2021-03-29,VCB,41120.0,41390.0,40380.0,41170.0,1195800
2021-03-30,VCB,41170.0,41170.0,40640.0,40950.0,1748700
2021-03-31,VCB,40810.0,41080.0,40640.0,40950.0,944600
2021-04-01,VCB,41120.0,42200.0,41120.0,41850.0,2697600
2021-04-02,VCB,42110.0,42550.0,41850.0,42240.0,2277500
2021-04-05,VCB,43190.0,44400.0,42590.0,44050.0,3592400
2021-04-06,VCB,44050.0,44260.0,43410.0,44010.0,2243200
2021-04-07,VCB,43630.0,44050.0,43360.0,44010.0,1182700
2021-04-08,VCB,44010.0,44010.0,42970.0,43190.0,1575400
2021-04-09,VCB,42970.0,42970.0,42110.0,42110.0,2101700
2021-04-12,VCB,42550.0,42840.0,42070.0,42710.0,2670100
2021-04-13,VCB,43190.0,43190.0,42110.0,42110.0,1670900
2021-04-14,VCB,42020.0,42640.0,41850.0,42640.0,1336800
2021-04-15,VCB,43100.0,43100.0,41800.0,42110.0,2152800
2021-04-16,VCB,42020.0,42550.0,41450.0,41590.0,1515900
2021-04-19,VCB,41890.0,42550.0,41390.0,42550.0,1387500
2021-04-20,VCB,42790.0,45350.0,42550.0,44480.0,6274200
2021-04-22,VCB,44480.0,45600.0,44140.0,44480.0,2981300
2021-04-23,VCB,44480.0,44920.0,43410.0,44920.0,2285300
2021-04-26,VCB,44920.0,44920.0,42280.0,42590.0,3595400
2021-04-27,VCB,42590.0,43010.0,42200.0,42760.0,1191800
2021-04-28,VCB,42760.0,42880.0,42200.0,42760.0,1426900
2021-04-29,VCB,42760.0,43190.0,42330.0,43190.0,1615700
2021-05-04,VCB,42760.0,43010.0,42330.0,42790.0,1496300
2021-05-05,VCB,42790.0,44050.0,42790.0,43710.0,1826700
2021-05-06,VCB,43710.0,43930.0,42760.0,42880.0,1161200
2021-05-07,VCB,42710.0,42760.0,41760.0,41890.0,2284800
2021-05-10,VCB,41760.0,42420.0,41430.0,42380.0,1674000
2021-05-11,VCB,42420.0,42880.0,42110.0,42280.0,1171500
2021-05-12,VCB,42280.0,42280.0,41890.0,42020.0,1218300
2021-05-13,VCB,41980.0,42240.0,41800.0,41800.0,1698000
2021-05-14,VCB,42070.0,42460.0,41710.0,41850.0,1403600
2021-05-17,VCB,41940.0,42020.0,41390.0,41450.0,1715100
2021-05-18,VCB,41170.0,41450.0,40810.0,40860.0,2103400
2021-05-19,VCB,40860.0,40860.0,40510.0,40640.0,1678100
2021-05-20,VCB,40640.0,42760.0,40640.0,42760.0,1904100
2021-05-21,VCB,41590.0,42330.0,41450.0,41800.0,1459200
2021-05-24,VCB,42110.0,42550.0,41670.0,42070.0,1814700
2021-05-25,VCB,42070.0,43190.0,42070.0,43100.0,3816000
2021-05-26,VCB,43150.0,43970.0,43050.0,43360.0,2356000
2021-05-27,VCB,43360.0,43360.0,42330.0,42640.0,1455000
2021-05-28,VCB,42760.0,43670.0,42160.0,43010.0,2196000
2021-05-31,VCB,43630.0,43630.0,42460.0,42590.0,2621000
2021-06-01,VCB,42930.0,45010.0,42640.0,44790.0,4533500
2021-06-02,VCB,44920.0,46430.0,44790.0,45780.0,4274100
2021-06-03,VCB,45820.0,46650.0,45780.0,46090.0,2802000
2021-06-04,VCB,46000.0,46000.0,44970.0,45310.0,2405800
2021-06-07,VCB,45040.0,45310.0,43710.0,44480.0,2969900
2021-06-08,VCB,44480.0,44920.0,43190.0,43190.0,2351600
2021-06-09,VCB,43190.0,44050.0,42840.0,44050.0,2393900
2021-06-10,VCB,44050.0,44440.0,43190.0,43970.0,2262500
2021-06-11,VCB,43670.0,44700.0,43410.0,44400.0,2048000
2021-06-14,VCB,44100.0,44660.0,43750.0,44050.0,1459700
2021-06-15,VCB,44100.0,44480.0,43630.0,44400.0,1420700
2021-06-16,VCB,44260.0,45780.0,44260.0,44920.0,2898400
2021-06-17,VCB,44920.0,45350.0,44050.0,45010.0,1557000
2021-06-18,VCB,45130.0,47070.0,45040.0,46870.0,3234900
2021-06-21,VCB,46650.0,46730.0,45780.0,46040.0,2107900
2021-06-22,VCB,46250.0,46870.0,46000.0,46470.0,1481900
2021-06-23,VCB,46650.0,47950.0,46220.0,47380.0,2248600
2021-06-24,VCB,47500.0,47850.0,46560.0,47810.0,1143400
2021-06-25,VCB,47810.0,48710.0,47030.0,48640.0,1688800
2021-06-28,VCB,48640.0,48800.0,47990.0,48640.0,1524500
2021-06-29,VCB,48370.0,49240.0,48160.0,49240.0,1853100
2021-06-30,VCB,49240.0,50620.0,49240.0,50270.0,2768000
2021-07-01,VCB,50400.0,50450.0,49670.0,50270.0,1836400
2021-07-02,VCB,50270.0,50360.0,49240.0,49620.0,1727200
2021-07-05,VCB,49200.0,49200.0,47900.0,49060.0,2049100
2021-07-06,VCB,48590.0,49670.0,48370.0,48370.0,1249600
2021-07-07,VCB,48370.0,48980.0,45780.0,48980.0,2679800
2021-07-08,VCB,48030.0,48800.0,47070.0,47950.0,1384100
2021-07-09,VCB,47500.0,47990.0,46130.0,47430.0,2936900
2021-07-12,VCB,47290.0,47290.0,44520.0,46250.0,2480600
2021-07-13,VCB,46180.0,46180.0,44100.0,44660.0,1865300
2021-07-14,VCB,44640.0,44680.0,43170.0,43950.0,2251700
2021-07-15,VCB,43250.0,45110.0,43250.0,44240.0,2319400
2021-07-16,VCB,44240.0,44640.0,43610.0,44240.0,1467300
2021-07-19,VCB,43170.0,43250.0,41410.0,41880.0,2542200
2021-07-20,VCB,42230.0,43610.0,40360.0,43250.0,2386000
2021-07-21,VCB,42950.0,43390.0,42440.0,42730.0,1463700
2021-07-22,VCB,42690.0,43470.0,42310.0,43300.0,1455800
2021-07-23,VCB,42870.0,43080.0,41880.0,41880.0,1668700
2021-07-26,VCB,41650.0,42090.0,41320.0,41440.0,1264200
2021-07-27,VCB,42090.0,42140.0,41020.0,41020.0,2654200
2021-07-28,VCB,41070.0,41880.0,41070.0,41880.0,1490800
2021-07-29,VCB,42050.0,42260.0,41880.0,42260.0,1191800
2021-07-30,VCB,42000.0,42650.0,41960.0,42310.0,1354600
2021-08-02,VCB,41880.0,42620.0,41610.0,41880.0,1279800
2021-08-03,VCB,41920.0,42650.0,41880.0,42650.0,1265700
2021-08-04,VCB,42820.0,42870.0,42360.0,42530.0,1160300
2021-08-05,VCB,42310.0,42950.0,42260.0,42910.0,1127700
2021-08-06,VCB,43080.0,43080.0,42360.0,42360.0,1114400
2021-08-09,VCB,42360.0,42690.0,42180.0,42440.0,1228900
2021-08-10,VCB,42730.0,42820.0,42530.0,42730.0,1556400
2021-08-11,VCB,42870.0,43910.0,42780.0,43390.0,1711700
2021-08-12,VCB,43390.0,43520.0,42950.0,43130.0,986600
2021-08-13,VCB,43130.0,43130.0,42440.0,42990.0,1328900
2021-08-16,VCB,42990.0,43430.0,42730.0,43430.0,1992400
2021-08-17,VCB,44240.0,44460.0,43610.0,43610.0,1688700
2021-08-18,VCB,43610.0,44240.0,43040.0,43610.0,1848000
2021-08-19,VCB,43470.0,44460.0,43080.0,44380.0,2576600
2021-08-20,VCB,43690.0,43990.0,42910.0,43210.0,1798500
2021-08-23,VCB,42730.0,43170.0,41700.0,42000.0,2136200
2021-08-24,VCB,42820.0,42820.0,41650.0,41880.0,1069100
2021-08-25,VCB,41880.0,42730.0,41780.0,42090.0,1069200
2021-08-26,VCB,42230.0,42730.0,41780.0,41780.0,1076900
2021-08-27,VCB,41440.0,42530.0,41440.0,42230.0,1106600
2021-08-30,VCB,42480.0,42910.0,42230.0,42870.0,1221700
2021-08-31,VCB,42950.0,43130.0,42440.0,42910.0,747500
2021-09-01,VCB,42910.0,43130.0,41440.0,42910.0,907500
2021-09-06,VCB,42910.0,43210.0,42910.0,43170.0,904500
2021-09-07,VCB,43130.0,43520.0,43080.0,43170.0,1041800
2021-09-08,VCB,43170.0,43210.0,41780.0,43040.0,863000
2021-09-09,VCB,43040.0,43210.0,42580.0,42870.0,817200
2021-09-10,VCB,43080.0,43080.0,42580.0,42820.0,857800
2021-09-13,VCB,42650.0,42730.0,42360.0,42360.0,1043100
2021-09-14,VCB,42360.0,42530.0,41880.0,42440.0,1230500
2021-09-15,VCB,42440.0,42440.0,41920.0,41920.0,798500
2021-09-16,VCB,42690.0,42690.0,42090.0,42360.0,570400
2021-09-17,VCB,42090.0,42480.0,41960.0,41960.0,1002200
2021-09-20,VCB,42000.0,43610.0,42000.0,42990.0,1277900
2021-09-21,VCB,42950.0,43080.0,42310.0,42310.0,862000
2021-09-22,VCB,42480.0,42950.0,42310.0,42950.0,362800
2021-09-23,VCB,42990.0,43350.0,42530.0,42950.0,676000
2021-09-24,VCB,42950.0,43080.0,42870.0,42950.0,454700
2021-09-27,VCB,42950.0,43040.0,42310.0,42310.0,465500
2021-09-28,VCB,42230.0,42870.0,42090.0,42820.0,484500
2021-09-29,VCB,42950.0,42950.0,42090.0,42530.0,565000
2021-09-30,VCB,42530.0,42580.0,41920.0,41960.0,1199900
2021-10-01,VCB,42000.0,42400.0,41370.0,41410.0,1611900
2021-10-04,VCB,41440.0,41650.0,40750.0,40840.0,913400
2021-10-05,VCB,41070.0,41480.0,41070.0,41280.0,973700
2021-10-06,VCB,41280.0,41280.0,40930.0,41280.0,691200
2021-10-07,VCB,41280.0,41780.0,41020.0,41780.0,797200
2021-10-08,VCB,41700.0,41880.0,41280.0,41880.0,697000
2021-10-11,VCB,41880.0,42480.0,41780.0,42090.0,1096000
2021-10-12,VCB,42440.0,42440.0,41880.0,41880.0,761100
2021-10-13,VCB,42260.0,42310.0,41880.0,41880.0,1426300
2021-10-14,VCB,41880.0,41960.0,41410.0,41740.0,1784700
2021-10-15,VCB,41780.0,42000.0,41650.0,41650.0,731500
2021-10-18,VCB,41560.0,41880.0,41020.0,41440.0,1247900
2021-10-19,VCB,41480.0,41650.0,41100.0,41610.0,836300
2021-10-20,VCB,41610.0,41740.0,40580.0,41020.0,1561000
2021-10-21,VCB,41190.0,41440.0,40580.0,40580.0,1226100
2021-10-22,VCB,41020.0,41020.0,40580.0,40710.0,240000
2021-10-25,VCB,41410.0,41410.0,40620.0,40620.0,800600
2021-10-26,VCB,40620.0,40840.0,40400.0,40580.0,632000
2021-10-27,VCB,40840.0,41650.0,40710.0,41480.0,1428600
2021-10-28,VCB,41700.0,42260.0,41480.0,42260.0,1772600
2021-10-29,VCB,42000.0,42480.0,41830.0,42310.0,1263800
2021-11-01,VCB,42360.0,42400.0,41880.0,41880.0,1057500
2021-11-02,VCB,42050.0,42310.0,42000.0,42260.0,808300
2021-11-03,VCB,42180.0,42650.0,42000.0,42620.0,1830000
2021-11-04,VCB,42620.0,42650.0,41960.0,42480.0,989400
2021-11-05,VCB,42090.0,42730.0,41880.0,42090.0,1126300
2021-11-08,VCB,42360.0,42480.0,42090.0,42400.0,1184200
2021-11-09,VCB,42310.0,42580.0,41880.0,41920.0,1377600
2021-11-10,VCB,41920.0,42400.0,41780.0,42140.0,857100
2021-11-11,VCB,42230.0,42870.0,41880.0,42440.0,1115600
2021-11-12,VCB,42440.0,42440.0,42090.0,42400.0,614800
2021-11-15,VCB,42440.0,42730.0,41960.0,42180.0,766700
2021-11-16,VCB,42180.0,42530.0,41880.0,41960.0,706300
2021-11-17,VCB,41960.0,42360.0,41960.0,42310.0,788300
2021-11-18,VCB,42440.0,42440.0,41880.0,41880.0,709700
2021-11-19,VCB,41960.0,42260.0,41920.0,41920.0,413000
2021-11-22,VCB,42000.0,42690.0,41920.0,42650.0,1017300
2021-11-23,VCB,42730.0,42780.0,42400.0,42780.0,549200
2021-11-24,VCB,42820.0,45580.0,42820.0,45240.0,1883300
2021-11-25,VCB,45330.0,46630.0,45160.0,46240.0,1473200
2021-11-26,VCB,46070.0,46710.0,44910.0,45330.0,879600
2021-11-29,VCB,44590.0,45280.0,43610.0,43650.0,851000
2021-11-30,VCB,44910.0,44910.0,42690.0,42690.0,1336500
2021-12-01,VCB,42910.0,43830.0,42440.0,42730.0,551500
2021-12-02,VCB,43300.0,43520.0,42650.0,42780.0,787700
2021-12-03,VCB,42820.0,43520.0,42090.0,42310.0,795900
2021-12-06,VCB,42310.0,43170.0,41190.0,41190.0,1008600
2021-12-07,VCB,41480.0,42910.0,41480.0,42400.0,820000
2021-12-08,VCB,42310.0,42910.0,42310.0,42620.0,507500
2021-12-09,VCB,42050.0,42910.0,42000.0,42820.0,805400
2021-12-10,VCB,43610.0,44380.0,43130.0,43170.0,1881200
2021-12-13,VCB,44040.0,44040.0,42820.0,42990.0,1038000
2021-12-14,VCB,42990.0,43390.0,42780.0,42870.0,862300
2021-12-15,VCB,42950.0,43470.0,42730.0,43130.0,732300
2021-12-16,VCB,43520.0,43520.0,42360.0,42780.0,1047100
2021-12-17,VCB,43170.0,43170.0,41650.0,41650.0,3475700
2021-12-20,VCB,42530.0,42950.0,42360.0,42950.0,736900
2021-12-21,VCB,42730.0,43080.0,42530.0,42690.0,774100
2021-12-22,VCB,42930.0,43390.0,42710.0,42870.0,1915300
2021-12-23,VCB,43210.0,44000.0,42660.0,42660.0,1489000
2021-12-24,VCB,42820.0,43780.0,42820.0,43780.0,849400
2021-12-27,VCB,44000.0,44780.0,43440.0,44500.0,934100
2021-12-28,VCB,44610.0,45170.0,43500.0,44610.0,1168800
2021-12-29,VCB,44330.0,44500.0,44110.0,44330.0,440000
2021-12-30,VCB,44500.0,44550.0,43330.0,43720.0,920300
2021-12-31,VCB,44050.0,44160.0,43720.0,43940.0,422000
2022-01-04,VCB,44050.0,44270.0,43500.0,44050.0,1133800
2022-01-05,VCB,44050.0,44840.0,43500.0,43500.0,1603100
2022-01-06,VCB,43840.0,44550.0,43440.0,44110.0,1215600
2022-01-07,VCB,44380.0,44550.0,43610.0,44500.0,966200
2022-01-10,VCB,44440.0,44550.0,43780.0,44050.0,941200
2022-01-11,VCB,44610.0,44610.0,43780.0,44270.0,952700
2022-01-12,VCB,44270.0,44610.0,43500.0,44610.0,1801500
2022-01-13,VCB,44890.0,47060.0,44720.0,45670.0,2532800
2022-01-14,VCB,45670.0,46510.0,45170.0,46510.0,1522100
2022-01-17,VCB,46280.0,49070.0,45900.0,48070.0,2628500
2022-01-18,VCB,47680.0,48840.0,46850.0,48840.0,1696600
2022-01-19,VCB,48790.0,48790.0,47400.0,48400.0,914800
2022-01-20,VCB,47500.0,48790.0,46330.0,48570.0,2794300
2022-01-21,VCB,48460.0,50190.0,48010.0,49740.0,2502300
2022-01-24,VCB,49850.0,52150.0,49180.0,51870.0,2728300
2022-01-25,VCB,51580.0,53530.0,49630.0,53430.0,2396600
2022-01-26,VCB,53430.0,53430.0,51640.0,52700.0,2523500
2022-01-27,VCB,51870.0,52700.0,50410.0,50750.0,1732900
2022-01-28,VCB,50750.0,51300.0,49630.0,49630.0,2055700
2022-02-07,VCB,50520.0,51810.0,49900.0,51520.0,1620800
2022-02-08,VCB,51520.0,51520.0,50240.0,51300.0,1146400
2022-02-09,VCB,50860.0,51240.0,50350.0,50630.0,1582900
2022-02-10,VCB,50810.0,52090.0,50750.0,50920.0,1827200
2022-02-11,VCB,50920.0,51070.0,50190.0,50190.0,1158400
2022-02-14,VCB,49130.0,49520.0,47960.0,47960.0,3629100
2022-02-15,VCB,47960.0,49240.0,46730.0,48520.0,2453500
2022-02-16,VCB,48790.0,49020.0,48190.0,48520.0,1286000
2022-02-17,VCB,48520.0,48900.0,48400.0,48790.0,1431200
2022-02-18,VCB,48190.0,48790.0,48190.0,48630.0,1066200
2022-02-21,VCB,48290.0,48840.0,48290.0,48740.0,1017900
2022-02-22,VCB,48520.0,48520.0,47400.0,48400.0,1540200
2022-02-23,VCB,48520.0,48520.0,47850.0,48460.0,986300
2022-02-24,VCB,48340.0,48400.0,47400.0,47560.0,2078700
2022-02-25,VCB,47560.0,47900.0,47400.0,47450.0,1616500
2022-02-28,VCB,47450.0,47450.0,47060.0,47120.0,1322100
2022-03-01,VCB,47120.0,47620.0,46890.0,47400.0,1295400
2022-03-02,VCB,47730.0,47730.0,46950.0,47400.0,1655600
2022-03-03,VCB,47400.0,47680.0,47230.0,47680.0,1052200
2022-03-04,VCB,47500.0,47680.0,47290.0,47350.0,1058100
2022-03-07,VCB,47010.0,47350.0,46790.0,47350.0,996900
2022-03-08,VCB,46730.0,47120.0,45450.0,45450.0,2936300
2022-03-09,VCB,45610.0,46330.0,45550.0,46280.0,1325300
2022-03-10,VCB,46280.0,46670.0,46230.0,46560.0,1154100
2022-03-11,VCB,46670.0,46790.0,46280.0,46730.0,876100
2022-03-14,VCB,46450.0,46950.0,46390.0,46950.0,1438200
2022-03-15,VCB,46850.0,46890.0,45170.0,45220.0,2385900
2022-03-16,VCB,45340.0,46390.0,45340.0,46010.0,1000600
2022-03-17,VCB,46280.0,46560.0,46120.0,46280.0,1222400
2022-03-18,VCB,46330.0,47500.0,46230.0,46950.0,1406600
2022-03-21,VCB,46950.0,47680.0,46850.0,47350.0,933900
2022-03-22,VCB,47350.0,47680.0,47350.0,47350.0,775100
2022-03-23,VCB,47350.0,47730.0,47350.0,47350.0,966600
2022-03-24,VCB,47350.0,47350.0,46560.0,46560.0,570200
2022-03-25,VCB,46850.0,46850.0,45720.0,46010.0,1137800
2022-03-28,VCB,46280.0,46280.0,45720.0,45950.0,725400
2022-03-29,VCB,45950.0,46280.0,45500.0,45670.0,1007700
2022-03-30,VCB,45610.0,46560.0,45450.0,45720.0,913900
2022-03-31,VCB,45720.0,46060.0,45720.0,45780.0,492400
2022-04-01,VCB,45780.0,46620.0,45220.0,46180.0,900300
2022-04-04,VCB,46390.0,46890.0,46060.0,46060.0,712000
2022-04-05,VCB,46180.0,46390.0,46060.0,46280.0,526100
2022-04-06,VCB,46230.0,47400.0,45550.0,47170.0,2009600
2022-04-07,VCB,47350.0,47500.0,46280.0,46280.0,928000
2022-04-08,VCB,46790.0,46790.0,46230.0,46280.0,788200
2022-04-12,VCB,46280.0,46390.0,45500.0,45950.0,841300
2022-04-13,VCB,46280.0,46330.0,45720.0,45950.0,850700
2022-04-14,VCB,45950.0,46230.0,45170.0,45170.0,1151400
2022-04-15,VCB,45280.0,45450.0,44720.0,44720.0,894800
2022-04-18,VCB,44610.0,44720.0,43270.0,43330.0,1237300
2022-04-19,VCB,43390.0,43780.0,43270.0,43330.0,1003400
2022-04-20,VCB,43500.0,44000.0,43330.0,43720.0,904600
2022-04-21,VCB,43720.0,44160.0,43610.0,43720.0,2178200
2022-04-22,VCB,44110.0,46060.0,44110.0,45840.0,2771900
2022-04-25,VCB,45840.0,46280.0,42930.0,45610.0,2479400
2022-04-26,VCB,44050.0,44890.0,44050.0,44890.0,1912000
2022-04-27,VCB,43720.0,45720.0,43610.0,45450.0,1429800
2022-04-28,VCB,45450.0,45500.0,44330.0,45450.0,564100
2022-04-29,VCB,45390.0,45900.0,44610.0,45110.0,1259200
2022-05-04,VCB,45110.0,45170.0,44050.0,44550.0,892600
2022-05-05,VCB,44890.0,45450.0,44380.0,45170.0,1019300
2022-05-06,VCB,44440.0,45280.0,44270.0,44270.0,775900
2022-05-09,VCB,43940.0,44840.0,43390.0,43440.0,1674200
2022-05-10,VCB,42990.0,44610.0,42990.0,44610.0,926000
2022-05-11,VCB,44610.0,44780.0,44050.0,44610.0,931300
2022-05-12,VCB,44050.0,44550.0,42930.0,42930.0,972300
2022-05-13,VCB,42930.0,43500.0,40700.0,40700.0,1963600
2022-05-16,VCB,42100.0,42610.0,41270.0,41390.0,1558800
2022-05-17,VCB,41390.0,42930.0,40760.0,42380.0,2262300
2022-05-18,VCB,42930.0,42930.0,41820.0,42040.0,881000
2022-05-19,VCB,41820.0,42770.0,41710.0,42380.0,575800
2022-05-20,VCB,41880.0,42660.0,41820.0,41990.0,661800
2022-05-23,VCB,42160.0,42160.0,41050.0,41480.0,631600
2022-05-24,VCB,41760.0,42220.0,41440.0,42160.0,898700
2022-05-25,VCB,42380.0,42930.0,41710.0,42930.0,817000
2022-05-26,VCB,42930.0,42990.0,42380.0,42770.0,978900
2022-05-27,VCB,42770.0,43160.0,42560.0,43160.0,892000
2022-05-30,VCB,43160.0,45170.0,42610.0,43500.0,1327400
2022-05-31,VCB,44000.0,44000.0,43500.0,44000.0,483700
2022-06-01,VCB,44050.0,44890.0,44050.0,44890.0,798800
2022-06-02,VCB,45060.0,45060.0,44050.0,44050.0,641400
2022-06-03,VCB,43720.0,44330.0,42610.0,43210.0,527800
2022-06-06,VCB,43210.0,44610.0,41880.0,44440.0,880500
2022-06-07,VCB,44050.0,45720.0,43550.0,45170.0,933000
2022-06-08,VCB,45170.0,45170.0,43940.0,44160.0,1164700
2022-06-09,VCB,44050.0,44550.0,43330.0,43390.0,1067500
2022-06-10,VCB,43390.0,44050.0,43160.0,43330.0,390900
2022-06-13,VCB,42930.0,42930.0,41330.0,42610.0,1105800
2022-06-14,VCB,42100.0,43550.0,41270.0,42930.0,1066200
2022-06-15,VCB,43160.0,43670.0,41990.0,42660.0,1243600
2022-06-16,VCB,42770.0,44610.0,42660.0,44110.0,1209600
2022-06-17,VCB,42930.0,43670.0,42440.0,42440.0,1050600
2022-06-20,VCB,44330.0,44330.0,41990.0,42380.0,1089700
2022-06-21,VCB,42380.0,43330.0,41930.0,43330.0,937100
2022-06-22,VCB,43440.0,43500.0,41820.0,42380.0,1069200
2022-06-23,VCB,41880.0,42770.0,41760.0,42330.0,590200
2022-06-24,VCB,42500.0,42560.0,41590.0,41820.0,648600
2022-06-27,VCB,42100.0,42380.0,41710.0,41760.0,862500
2022-06-28,VCB,41820.0,42930.0,41710.0,42560.0,1095800
2022-06-29,VCB,42270.0,42330.0,41990.0,42100.0,847500
2022-06-30,VCB,42100.0,42380.0,41710.0,41710.0,678400
2022-07-01,VCB,41530.0,41820.0,40650.0,41270.0,1383000
2022-07-04,VCB,41760.0,41930.0,41210.0,41330.0,746200
2022-07-05,VCB,41760.0,41760.0,41050.0,41270.0,1064500
2022-07-06,VCB,41100.0,41210.0,38420.0,40590.0,1548200
2022-07-07,VCB,40540.0,42100.0,39990.0,42100.0,1258400
2022-07-08,VCB,41760.0,41820.0,41210.0,41270.0,761000
2022-07-11,VCB,40880.0,40990.0,40150.0,40150.0,660800
2022-07-12,VCB,40210.0,40480.0,39990.0,40090.0,811500
2022-07-13,VCB,40050.0,40930.0,39820.0,40050.0,1379900
2022-07-14,VCB,40050.0,40590.0,39940.0,40360.0,329400
2022-07-15,VCB,40210.0,40990.0,40210.0,40310.0,597500
2022-07-18,VCB,40420.0,40650.0,40150.0,40150.0,391400
2022-07-19,VCB,40150.0,40210.0,39650.0,39760.0,812100
2022-07-20,VCB,39940.0,40420.0,39940.0,40420.0,544900
2022-07-21,VCB,40420.0,40650.0,40210.0,40420.0,1164600
2022-07-22,VCB,40210.0,40540.0,40150.0,40420.0,1009600
2022-07-25,VCB,40360.0,40820.0,40150.0,40650.0,962700
2022-07-26,VCB,40820.0,41480.0,40820.0,41210.0,1119800
2022-07-27,VCB,41270.0,41820.0,41100.0,41820.0,1259900
2022-07-28,VCB,42040.0,42160.0,41710.0,41990.0,1164800
2022-07-29,VCB,42040.0,42100.0,41650.0,41650.0,1176000
2022-08-01,VCB,41650.0,42930.0,41480.0,42930.0,1577300
2022-08-02,VCB,42930.0,43440.0,42380.0,43390.0,1101400
2022-08-03,VCB,43670.0,44330.0,43500.0,44330.0,1005700
2022-08-04,VCB,44330.0,46010.0,44270.0,46010.0,2261100
2022-08-05,VCB,45720.0,45950.0,45220.0,45720.0,1395800
2022-08-08,VCB,45720.0,46010.0,45670.0,45720.0,915000
2022-08-09,VCB,45720.0,45720.0,44550.0,45060.0,1217900
2022-08-10,VCB,44660.0,45170.0,44660.0,44890.0,507500
2022-08-11,VCB,45340.0,45720.0,44950.0,45450.0,1171500
2022-08-12,VCB,45450.0,45670.0,45110.0,45500.0,1251800
2022-08-15,VCB,45720.0,45900.0,45550.0,45610.0,1259500
2022-08-16,VCB,45720.0,45720.0,45220.0,45450.0,687100
2022-08-17,VCB,45280.0,45550.0,45280.0,45450.0,764000
2022-08-18,VCB,45340.0,45720.0,45280.0,45450.0,1568600
2022-08-19,VCB,44950.0,45720.0,44950.0,45110.0,1148000
2022-08-22,VCB,44660.0,45450.0,44610.0,44610.0,525800
2022-08-23,VCB,44610.0,45340.0,44550.0,44720.0,648000
2022-08-24,VCB,45280.0,46230.0,44780.0,45720.0,1083700
2022-08-25,VCB,45840.0,45840.0,45340.0,45720.0,538800
2022-08-26,VCB,45720.0,46670.0,45720.0,46010.0,1559500
2022-08-29,VCB,45390.0,46010.0,45110.0,46010.0,951500
2022-08-30,VCB,46010.0,47960.0,46010.0,47960.0,2502800
2022-08-31,VCB,47960.0,48230.0,46850.0,46850.0,1055900
2022-09-05,VCB,46850.0,47010.0,46010.0,46060.0,1547800
2022-09-06,VCB,46060.0,46850.0,45780.0,46120.0,1027300
2022-09-07,VCB,45720.0,46010.0,44500.0,44610.0,2293300
2022-09-08,VCB,45110.0,45110.0,43500.0,43500.0,1074300
2022-09-09,VCB,43780.0,44220.0,43610.0,43940.0,1029200
2022-09-12,VCB,44380.0,44440.0,43940.0,44110.0,699800
2022-09-13,VCB,44270.0,44270.0,43840.0,43840.0,1187900
2022-09-14,VCB,43050.0,44330.0,42930.0,43670.0,1085800
2022-09-15,VCB,43780.0,44220.0,43550.0,44160.0,611900
2022-09-16,VCB,44220.0,44610.0,43780.0,44610.0,1519200
2022-09-19,VCB,44050.0,44720.0,43500.0,43940.0,938500
2022-09-20,VCB,43940.0,44610.0,43840.0,44160.0,521200
2022-09-21,VCB,44220.0,44380.0,43440.0,44000.0,499200
2022-09-22,VCB,43330.0,43840.0,43210.0,43500.0,1183000
2022-09-23,VCB,43050.0,43330.0,42270.0,42330.0,1034100
2022-09-26,VCB,41880.0,42930.0,41330.0,41820.0,1255900
2022-09-27,VCB,42380.0,42380.0,41390.0,41440.0,653400
2022-09-28,VCB,41270.0,41820.0,41160.0,41820.0,587700
2022-09-29,VCB,42380.0,42380.0,41270.0,41270.0,587800
2022-09-30,VCB,40820.0,41440.0,40360.0,40820.0,1262400
2022-10-03,VCB,40990.0,41160.0,39200.0,39370.0,894900
2022-10-04,VCB,39040.0,40090.0,38750.0,39760.0,1280900
2022-10-05,VCB,39820.0,40150.0,39650.0,39870.0,835000
2022-10-06,VCB,40150.0,40150.0,38980.0,39090.0,751500
2022-10-07,VCB,38810.0,38810.0,36410.0,37200.0,2113700
2022-10-10,VCB,37090.0,37750.0,35750.0,36300.0,1317000
2022-10-11,VCB,36410.0,36800.0,34580.0,34580.0,1161700
2022-10-12,VCB,35130.0,36410.0,34680.0,35690.0,1517400
2022-10-13,VCB,35750.0,37090.0,34960.0,37090.0,1596800
2022-10-14,VCB,38200.0,38200.0,37530.0,37970.0,1599300
2022-10-17,VCB,37530.0,37920.0,36530.0,36970.0,1241000
2022-10-18,VCB,37920.0,37920.0,37530.0,37750.0,885000
2022-10-19,VCB,37850.0,37920.0,37530.0,37850.0,627400
2022-10-20,VCB,37850.0,39040.0,37420.0,38590.0,1517200
2022-10-21,VCB,38590.0,39420.0,37920.0,37920.0,1283700
2022-10-24,VCB,38750.0,38750.0,36690.0,37920.0,670100
2022-10-25,VCB,36800.0,39370.0,36800.0,38980.0,1535500
2022-10-26,VCB,39370.0,39370.0,38200.0,39040.0,591400
2022-10-27,VCB,39310.0,40650.0,38650.0,39990.0,1297800
2022-10-28,VCB,40420.0,41530.0,39940.0,39940.0,1561000
2022-10-31,VCB,40990.0,40990.0,40420.0,40990.0,659400
2022-11-01,VCB,41270.0,41820.0,40880.0,41820.0,826100
2022-11-02,VCB,41270.0,41530.0,40150.0,41050.0,1255100
2022-11-03,VCB,40150.0,40930.0,40150.0,40700.0,726600
2022-11-04,VCB,39870.0,40420.0,38420.0,40050.0,1538000
2022-11-07,VCB,40050.0,40700.0,39650.0,40050.0,1232000
2022-11-08,VCB,40150.0,41820.0,39940.0,40480.0,1659900
2022-11-09,VCB,40990.0,41390.0,40480.0,41270.0,1214800
2022-11-10,VCB,41210.0,41210.0,39940.0,40590.0,958500
2022-11-11,VCB,40700.0,42100.0,40700.0,42100.0,1314200
2022-11-14,VCB,42100.0,42660.0,41330.0,41880.0,1536500
2022-11-15,VCB,41480.0,42610.0,40210.0,41820.0,1581800
2022-11-16,VCB,39200.0,43500.0,39200.0,41880.0,2349800
2022-11-17,VCB,42440.0,42710.0,42100.0,42660.0,1645700
2022-11-18,VCB,42330.0,42870.0,41050.0,42660.0,1564800
2022-11-21,VCB,42660.0,42660.0,41820.0,41820.0,1106900
2022-11-22,VCB,41530.0,42380.0,40420.0,40990.0,1936000
2022-11-23,VCB,40700.0,40990.0,40360.0,40990.0,794200
2022-11-24,VCB,40990.0,41270.0,40420.0,40700.0,1082000
2022-11-25,VCB,40760.0,41050.0,40590.0,40760.0,1675100
2022-11-28,VCB,41530.0,42930.0,41160.0,42770.0,1341900
2022-11-29,VCB,42380.0,44500.0,42380.0,44500.0,1707400
2022-11-30,VCB,44780.0,45170.0,42930.0,45170.0,1322600
2022-12-01,VCB,45110.0,45390.0,44160.0,44610.0,1178900
2022-12-02,VCB,44550.0,47400.0,44220.0,47400.0,1241300
2022-12-05,VCB,46890.0,48520.0,46010.0,47400.0,1664000
2022-12-06,VCB,47400.0,47500.0,44610.0,44610.0,1308000
2022-12-07,VCB,44610.0,45720.0,43500.0,43780.0,1455800
2022-12-08,VCB,44050.0,45170.0,42930.0,42930.0,2109700
2022-12-09,VCB,43720.0,44160.0,42990.0,43100.0,1684100
2022-12-12,VCB,43940.0,44890.0,43160.0,43160.0,2105700
2022-12-13,VCB,43550.0,44220.0,43440.0,43610.0,2232500
2022-12-14,VCB,44440.0,44440.0,43780.0,43940.0,1083500
2022-12-15,VCB,43940.0,45010.0,43840.0,44330.0,1250400
2022-12-16,VCB,44330.0,46230.0,44000.0,44440.0,3158100
2022-12-19,VCB,44610.0,45170.0,44050.0,44160.0,757500
2022-12-20,VCB,44440.0,45720.0,44050.0,44050.0,1424400
2022-12-21,VCB,45390.0,45390.0,43890.0,43890.0,962000
2022-12-22,VCB,44330.0,45220.0,44220.0,44220.0,1073500
2022-12-23,VCB,44720.0,45280.0,44110.0,44110.0,1079200
2022-12-26,VCB,44160.0,45060.0,44000.0,44000.0,1203600
2022-12-27,VCB,44550.0,44890.0,44000.0,44110.0,1058000
2022-12-28,VCB,44840.0,45720.0,44330.0,44610.0,1173500
2022-12-29,VCB,45900.0,46010.0,44890.0,45010.0,1237400
2022-12-30,VCB,46230.0,46330.0,44610.0,44610.0,1510900
2023-01-03,VCB,44720.0,46060.0,44720.0,46060.0,1089800
2023-01-04,VCB,46230.0,46230.0,45610.0,46180.0,837900
2023-01-05,VCB,46180.0,46850.0,46010.0,46850.0,1078600
2023-01-06,VCB,46850.0,47290.0,46790.0,46850.0,1125500
2023-01-09,VCB,47850.0,48460.0,47290.0,48460.0,1667100
2023-01-10,VCB,48070.0,50130.0,48070.0,48670.0,2112500
2023-01-11,VCB,48670.0,48670.0,47450.0,47450.0,983000
2023-01-12,VCB,47500.0,47500.0,46730.0,47290.0,1879000
2023-01-13,VCB,47500.0,48230.0,47500.0,47850.0,822000
2023-01-16,VCB,47960.0,49360.0,47960.0,48670.0,735200
2023-01-17,VCB,49360.0,49850.0,48670.0,49850.0,644600
2023-01-18,VCB,50190.0,50750.0,49850.0,50190.0,834000
2023-01-19,VCB,49900.0,53530.0,48790.0,51870.0,1716800
2023-01-27,VCB,51870.0,52750.0,51030.0,51870.0,1552000
2023-01-30,VCB,51350.0,51580.0,50070.0,50130.0,1045000
2023-01-31,VCB,50130.0,51240.0,48960.0,51240.0,1447700
2023-02-01,VCB,51300.0,51580.0,49680.0,49680.0,1136400
2023-02-02,VCB,49410.0,51300.0,49410.0,50520.0,984600
2023-02-03,VCB,50350.0,51870.0,49680.0,51870.0,893400
2023-02-06,VCB,51640.0,53690.0,51030.0,53530.0,1151200
2023-02-07,VCB,53140.0,53260.0,51300.0,51300.0,1195400
2023-02-08,VCB,51350.0,53650.0,51350.0,52520.0,884800
2023-02-09,VCB,52300.0,52980.0,51870.0,51870.0,759400
2023-02-10,VCB,52700.0,52700.0,51750.0,52700.0,647700
2023-02-13,VCB,52860.0,53200.0,51300.0,52150.0,872700
2023-02-14,VCB,52150.0,52150.0,50860.0,51580.0,1143100
2023-02-15,VCB,51580.0,52520.0,50860.0,51870.0,899300
2023-02-16,VCB,51870.0,52410.0,51410.0,51520.0,776600
2023-02-17,VCB,51870.0,52030.0,51300.0,51870.0,918900
2023-02-20,VCB,51870.0,52700.0,51870.0,52300.0,1095000
2023-02-21,VCB,52520.0,52920.0,52410.0,52520.0,675500
2023-02-22,VCB,52520.0,52580.0,51580.0,51870.0,1025500
2023-02-23,VCB,51870.0,52410.0,50860.0,52030.0,1025700
2023-02-24,VCB,51870.0,52410.0,50190.0,52150.0,631400
2023-02-27,VCB,51870.0,52150.0,51130.0,51750.0,501000
2023-02-28,VCB,51920.0,52250.0,51640.0,52150.0,565800
2023-03-01,VCB,51460.0,52090.0,51410.0,51870.0,729700
2023-03-02,VCB,51870.0,52300.0,51180.0,51980.0,984700
2023-03-03,VCB,51180.0,51750.0,50690.0,50690.0,798600
2023-03-06,VCB,50750.0,51410.0,50750.0,50750.0,711900
2023-03-07,VCB,51030.0,51580.0,50810.0,51240.0,970300
2023-03-08,VCB,50750.0,51410.0,50580.0,51410.0,871900
2023-03-09,VCB,51300.0,52090.0,51130.0,51870.0,1098100
2023-03-10,VCB,51410.0,51580.0,51030.0,51350.0,707800
2023-03-13,VCB,51300.0,51300.0,50630.0,51030.0,759200
2023-03-14,VCB,50750.0,50860.0,50470.0,50750.0,863700
2023-03-15,VCB,51070.0,51300.0,50810.0,50970.0,807800
2023-03-16,VCB,50750.0,51300.0,49900.0,50750.0,806000
2023-03-17,VCB,50750.0,50810.0,49630.0,49630.0,2272200
2023-03-20,VCB,49630.0,49900.0,47450.0,47450.0,1034000
2023-03-21,VCB,47620.0,50130.0,47620.0,48230.0,1057400
2023-03-22,VCB,48290.0,50130.0,48290.0,49630.0,1055800
2023-03-23,VCB,49520.0,50470.0,48670.0,49800.0,763600
2023-03-24,VCB,50750.0,50750.0,49580.0,49850.0,415300
2023-03-27,VCB,49630.0,50750.0,49070.0,50750.0,730100
2023-03-28,VCB,50630.0,51810.0,50240.0,50750.0,784100
2023-03-29,VCB,51580.0,51580.0,50470.0,51460.0,422800
2023-03-30,VCB,51460.0,51980.0,51300.0,51690.0,409700
2023-03-31,VCB,51750.0,51980.0,50470.0,51180.0,664000
2023-04-03,VCB,51130.0,51810.0,50860.0,51750.0,699600
2023-04-04,VCB,51750.0,51810.0,51070.0,51240.0,226500
2023-04-05,VCB,51460.0,51460.0,50810.0,51300.0,286700
2023-04-06,VCB,51030.0,51350.0,50860.0,50970.0,350000
2023-04-07,VCB,50750.0,50810.0,49900.0,50190.0,645000
2023-04-10,VCB,50190.0,50190.0,49630.0,49680.0,583500
2023-04-11,VCB,49630.0,50190.0,49180.0,50130.0,546800
2023-04-12,VCB,49240.0,49410.0,49070.0,49130.0,457700
2023-04-13,VCB,49240.0,49360.0,48960.0,49130.0,451400
2023-04-14,VCB,49240.0,49680.0,49180.0,49410.0,390100
2023-04-17,VCB,49300.0,49360.0,48960.0,49300.0,457900
2023-04-18,VCB,49240.0,49410.0,48790.0,49020.0,611900
2023-04-19,VCB,49130.0,49470.0,49070.0,49180.0,363200
2023-04-20,VCB,49520.0,49520.0,49070.0,49360.0,223700
2023-04-21,VCB,49070.0,49130.0,48740.0,49070.0,313600
2023-04-24,VCB,49070.0,49180.0,48520.0,49180.0,470400
2023-04-25,VCB,49180.0,49360.0,48790.0,49070.0,502400
2023-04-26,VCB,49070.0,49900.0,49020.0,49410.0,605200
2023-04-27,VCB,49470.0,50470.0,49300.0,49900.0,515100
2023-04-28,VCB,50190.0,50240.0,49520.0,50070.0,464000
2023-05-04,VCB,50190.0,50190.0,49360.0,49580.0,447300
2023-05-05,VCB,49360.0,50010.0,49180.0,49960.0,113900
2023-05-08,VCB,50190.0,51980.0,50070.0,51870.0,1500200
2023-05-09,VCB,51870.0,52350.0,51520.0,51520.0,530900
2023-05-10,VCB,51240.0,51870.0,51070.0,51350.0,334000
2023-05-11,VCB,51300.0,51350.0,50750.0,50810.0,459000
2023-05-12,VCB,50750.0,51520.0,50630.0,51520.0,602400
2023-05-15,VCB,51300.0,51870.0,50860.0,51410.0,418500
2023-05-16,VCB,51300.0,51920.0,50920.0,51580.0,647700
2023-05-17,VCB,51580.0,51870.0,51460.0,51640.0,517900
2023-05-18,VCB,51810.0,53530.0,51410.0,53200.0,1434300
2023-05-19,VCB,52700.0,52920.0,51640.0,52350.0,416900
2023-05-22,VCB,51870.0,52350.0,51410.0,51920.0,544900
2023-05-23,VCB,51870.0,52200.0,51350.0,51460.0,535100
2023-05-24,VCB,51750.0,51750.0,51240.0,51640.0,342200
2023-05-25,VCB,51640.0,52410.0,50970.0,51980.0,606600
2023-05-26,VCB,51980.0,52150.0,51300.0,51300.0,283700
2023-05-29,VCB,51300.0,52980.0,51300.0,51920.0,590500
2023-05-30,VCB,51920.0,52860.0,51520.0,52700.0,564500
2023-05-31,VCB,52350.0,52470.0,51920.0,52410.0,380100
2023-06-01,VCB,52750.0,52750.0,51980.0,52350.0,646300
2023-06-02,VCB,52350.0,52980.0,52030.0,52920.0,737800
2023-06-05,VCB,53090.0,55030.0,53090.0,54650.0,1297800
2023-06-06,VCB,54650.0,55200.0,53810.0,55200.0,759500
2023-06-07,VCB,55200.0,55200.0,54090.0,54090.0,749600
2023-06-08,VCB,54090.0,56710.0,54090.0,55770.0,1339400
2023-06-09,VCB,55770.0,56880.0,55200.0,56040.0,820200
2023-06-12,VCB,55710.0,56590.0,54710.0,56320.0,435100
2023-06-13,VCB,55770.0,57430.0,55600.0,57150.0,838900
2023-06-14,VCB,57100.0,57990.0,56590.0,57210.0,840500
2023-06-15,VCB,57150.0,57830.0,56660.0,57720.0,912200
2023-06-16,VCB,58110.0,59330.0,57550.0,58550.0,1331800
2023-06-19,VCB,57770.0,58050.0,56710.0,56710.0,1139900
2023-06-20,VCB,56380.0,56380.0,55650.0,55710.0,1781600
2023-06-21,VCB,55600.0,56040.0,55600.0,55770.0,1187900
2023-06-22,VCB,56880.0,56880.0,55710.0,55980.0,716500
2023-06-23,VCB,55980.0,55980.0,55480.0,55710.0,705200
2023-06-26,VCB,55260.0,56270.0,55260.0,55770.0,807200
2023-06-27,VCB,55770.0,56320.0,55600.0,55770.0,685900
2023-06-28,VCB,55770.0,57000.0,55650.0,56380.0,821200
2023-06-29,VCB,56770.0,57430.0,56380.0,56820.0,640600
2023-06-30,VCB,56380.0,56770.0,55770.0,55770.0,556600
2023-07-03,VCB,55770.0,56210.0,55650.0,55770.0,490100
2023-07-04,VCB,56160.0,56820.0,55710.0,55770.0,682700
2023-07-05,VCB,56320.0,57150.0,55930.0,56880.0,953900
2023-07-06,VCB,56940.0,57000.0,56040.0,56160.0,1021000
2023-07-07,VCB,56040.0,58550.0,55980.0,58550.0,1064800
2023-07-10,VCB,58490.0,58490.0,57050.0,57270.0,915100
2023-07-11,VCB,56770.0,58550.0,56770.0,57430.0,887600
2023-07-12,VCB,57270.0,58260.0,57270.0,57990.0,742800
2023-07-13,VCB,58550.0,58550.0,57830.0,58490.0,928300
2023-07-14,VCB,58490.0,58550.0,57990.0,58550.0,797700
2023-07-17,VCB,58550.0,58550.0,58110.0,58440.0,791600
2023-07-18,VCB,58490.0,58550.0,58160.0,58160.0,590000
2023-07-19,VCB,58320.0,59720.0,58320.0,59390.0,926200
2023-07-20,VCB,58830.0,59330.0,57770.0,58550.0,771600
2023-07-21,VCB,58550.0,58550.0,57990.0,58550.0,663400
2023-07-24,VCB,58610.0,58780.0,58260.0,58320.0,808500
2023-07-25,VCB,59530.0,60910.0,59460.0,60400.0,2374800
2023-07-26,VCB,60520.0,61510.0,60520.0,61510.0,1146400
2023-07-27,VCB,61720.0,61720.0,60910.0,61050.0,957200
2023-07-28,VCB,61050.0,61250.0,60460.0,61250.0,1116900
2023-07-31,VCB,61250.0,61380.0,60330.0,60330.0,1468300
2023-08-01,VCB,60330.0,61110.0,60060.0,60060.0,1281600
2023-08-02,VCB,60060.0,60260.0,59930.0,60260.0,1055800
2023-08-03,VCB,60260.0,60260.0,59600.0,59660.0,837900
2023-08-04,VCB,59730.0,60000.0,59340.0,59340.0,1231600
2023-08-07,VCB,59340.0,59800.0,59270.0,59800.0,1111700
2023-08-08,VCB,59800.0,60060.0,59340.0,59730.0,823400
2023-08-09,VCB,59730.0,59860.0,59340.0,59400.0,591600
2023-08-10,VCB,59600.0,59600.0,58280.0,58280.0,1336100
2023-08-11,VCB,58280.0,59530.0,58280.0,59530.0,920800
2023-08-14,VCB,59460.0,59460.0,58610.0,58610.0,1471800
2023-08-15,VCB,59270.0,59270.0,58280.0,58540.0,1148500
2023-08-16,VCB,58480.0,58880.0,58410.0,58750.0,727300
2023-08-17,VCB,58750.0,59140.0,58340.0,58880.0,2145100
2023-08-18,VCB,59140.0,59460.0,58610.0,58950.0,2430400
2023-08-21,VCB,59080.0,59400.0,58750.0,59140.0,1710900
2023-08-22,VCB,58950.0,59080.0,57820.0,58220.0,1825000
2023-08-23,VCB,58540.0,58540.0,56700.0,56840.0,1754800
2023-08-24,VCB,56840.0,58090.0,56640.0,57290.0,902800
2023-08-25,VCB,56770.0,57290.0,56640.0,56770.0,1404600
2023-08-28,VCB,56900.0,57630.0,56770.0,57290.0,1378300
2023-08-29,VCB,57290.0,58280.0,57230.0,58220.0,1391900
2023-08-30,VCB,58280.0,58950.0,58280.0,58680.0,1350000
2023-08-31,VCB,58680.0,59010.0,58150.0,58680.0,1531200
2023-09-05,VCB,58680.0,59730.0,58680.0,59340.0,1942200
2023-09-06,VCB,59400.0,59400.0,59080.0,59400.0,2017600
2023-09-07,VCB,59270.0,59800.0,58950.0,58950.0,1765300
2023-09-08,VCB,58950.0,58950.0,58680.0,58950.0,1341900
2023-09-11,VCB,59010.0,59270.0,57950.0,58280.0,1649500
2023-09-12,VCB,58610.0,59270.0,58540.0,59200.0,1572100
2023-09-13,VCB,59270.0,59270.0,58540.0,58680.0,1582000
2023-09-14,VCB,58610.0,58950.0,58020.0,58680.0,1512600
2023-09-15,VCB,58540.0,59140.0,58340.0,59140.0,2142400
2023-09-18,VCB,58950.0,59080.0,58150.0,58480.0,718100
2023-09-19,VCB,58480.0,58750.0,56640.0,58020.0,1117200
2023-09-20,VCB,58020.0,58220.0,56900.0,57950.0,786000
2023-09-21,VCB,57950.0,57950.0,57160.0,57290.0,1066900
2023-09-22,VCB,56900.0,58950.0,56640.0,58810.0,2408600
2023-09-25,VCB,58610.0,58950.0,58150.0,58810.0,2210400
2023-09-26,VCB,58750.0,58880.0,57230.0,57290.0,1663200
2023-09-27,VCB,57700.0,58610.0,57290.0,57820.0,1204900
2023-09-28,VCB,57430.0,58150.0,57040.0,57950.0,1065100
2023-09-29,VCB,58150.0,58150.0,57360.0,57630.0,449300
2023-10-02,VCB,57360.0,57430.0,56970.0,56970.0,765700
2023-10-03,VCB,56970.0,57090.0,56500.0,56840.0,882600
2023-10-04,VCB,56840.0,56840.0,56180.0,56840.0,923800
2023-10-05,VCB,56640.0,56640.0,55650.0,55650.0,890000
2023-10-06,VCB,55650.0,56240.0,54990.0,56240.0,800900
2023-10-09,VCB,56240.0,56240.0,55320.0,55720.0,1096100
2023-10-10,VCB,55720.0,56770.0,55720.0,56700.0,734100
2023-10-11,VCB,56770.0,56970.0,56430.0,56970.0,719400
2023-10-12,VCB,57230.0,57230.0,56310.0,56640.0,714100
2023-10-13,VCB,56640.0,57040.0,56310.0,57040.0,663100
2023-10-16,VCB,56380.0,57040.0,56380.0,56700.0,332300
2023-10-17,VCB,56700.0,56970.0,56310.0,56570.0,363400
2023-10-18,VCB,56310.0,56640.0,55980.0,56570.0,1147400
2023-10-19,VCB,56310.0,56640.0,55380.0,55650.0,1363600
2023-10-20,VCB,54990.0,56180.0,54470.0,55850.0,938400
2023-10-23,VCB,55650.0,55650.0,54330.0,55650.0,966600
2023-10-24,VCB,55650.0,56970.0,55250.0,56640.0,994000
2023-10-25,VCB,56040.0,56500.0,55720.0,56500.0,660100
2023-10-26,VCB,55980.0,56640.0,54990.0,55650.0,1420300
2023-10-27,VCB,55720.0,55980.0,55180.0,55980.0,773400
2023-10-30,VCB,54990.0,56640.0,54990.0,56570.0,592900
2023-10-31,VCB,56570.0,57230.0,55910.0,57160.0,1345300
2023-11-01,VCB,57160.0,57820.0,56700.0,57820.0,1479100
2023-11-02,VCB,57950.0,58610.0,57040.0,58610.0,1057500
2023-11-03,VCB,58610.0,58880.0,58020.0,58540.0,1086600
2023-11-06,VCB,58540.0,59140.0,58280.0,58950.0,774800
2023-11-07,VCB,58610.0,58810.0,58150.0,58150.0,413900
2023-11-08,VCB,58090.0,59080.0,57890.0,58950.0,1270300
2023-11-09,VCB,58950.0,58950.0,57890.0,57890.0,1166800
2023-11-10,VCB,57360.0,57630.0,56640.0,56640.0,1352000
2023-11-13,VCB,56640.0,56700.0,56240.0,56310.0,937700
2023-11-14,VCB,56640.0,56970.0,56240.0,56640.0,987500
2023-11-15,VCB,56970.0,57750.0,56970.0,57750.0,4067800
2023-11-16,VCB,57290.0,57950.0,57090.0,57950.0,1284800
2023-11-17,VCB,57820.0,57890.0,56310.0,56380.0,1588000
2023-11-20,VCB,56380.0,57290.0,55980.0,56700.0,1098400
2023-11-21,VCB,56700.0,57090.0,56500.0,57040.0,1151400
2023-11-22,VCB,56840.0,57090.0,56310.0,57090.0,1012700
2023-11-23,VCB,57090.0,57160.0,56310.0,56310.0,647200
2023-11-24,VCB,56310.0,56640.0,55980.0,56640.0,734500
2023-11-27,VCB,56640.0,56640.0,56040.0,56500.0,443000
2023-11-28,VCB,56310.0,56570.0,55850.0,56500.0,779400
2023-11-29,VCB,56240.0,56570.0,56040.0,56040.0,733100
2023-11-30,VCB,56040.0,56240.0,55790.0,55790.0,927600
2023-12-01,VCB,55910.0,55980.0,55380.0,55980.0,714700
2023-12-04,VCB,56240.0,56770.0,55850.0,56640.0,888100
2023-12-05,VCB,56640.0,56700.0,55850.0,56240.0,992800
2023-12-06,VCB,56180.0,56640.0,55980.0,56570.0,638000
2023-12-07,VCB,56430.0,56640.0,55980.0,56110.0,992300
2023-12-08,VCB,56110.0,56310.0,55980.0,55980.0,1183000
2023-12-11,VCB,55980.0,56180.0,55380.0,55450.0,1400000
2023-12-12,VCB,55790.0,55790.0,55320.0,55450.0,1006400
2023-12-13,VCB,55450.0,55650.0,55120.0,55120.0,1152900
2023-12-14,VCB,55320.0,55650.0,55320.0,55580.0,840600
2023-12-15,VCB,55320.0,55580.0,54130.0,54130.0,2530300
2023-12-18,VCB,54530.0,54600.0,53670.0,53670.0,1804000
2023-12-19,VCB,53670.0,53670.0,52750.0,53470.0,1961300
2023-12-20,VCB,53470.0,53540.0,53020.0,53420.0,1872300
2023-12-21,VCB,53350.0,53350.0,52880.0,53280.0,2030300
2023-12-22,VCB,53280.0,53420.0,52950.0,53280.0,1579800
2023-12-25,VCB,53280.0,53870.0,53150.0,53870.0,1301600
2023-12-26,VCB,54000.0,54530.0,54000.0,54530.0,971200
2023-12-27,VCB,54600.0,54790.0,54330.0,54470.0,899600
2023-12-28,VCB,54470.0,54730.0,54270.0,54530.0,703200
2023-12-29,VCB,54990.0,55250.0,52880.0,52880.0,1621700
2024-01-02,VCB,54600.0,55050.0,54130.0,54990.0,1785800
2024-01-03,VCB,54990.0,55650.0,54530.0,55650.0,1373000
2024-01-04,VCB,55650.0,56770.0,55320.0,56570.0,2657900
2024-01-05,VCB,56570.0,56770.0,56430.0,56770.0,1180300
2024-01-08,VCB,56840.0,57160.0,56840.0,57160.0,1607800
2024-01-09,VCB,57160.0,57890.0,57160.0,57820.0,1926400
2024-01-10,VCB,57820.0,58950.0,57430.0,58950.0,1795400
2024-01-11,VCB,58950.0,59270.0,58340.0,58810.0,1489100
2024-01-12,VCB,58020.0,58950.0,57560.0,58410.0,1909500
2024-01-15,VCB,58610.0,59340.0,58540.0,59270.0,1914200
2024-01-16,VCB,58610.0,59340.0,58540.0,59270.0,1367200
2024-01-17,VCB,58610.0,59930.0,58610.0,59860.0,1578200
2024-01-18,VCB,59860.0,60060.0,59270.0,60000.0,1422900
2024-01-19,VCB,59930.0,61250.0,59530.0,60980.0,1472600
2024-01-22,VCB,61580.0,61580.0,60590.0,60590.0,1046300
2024-01-23,VCB,60660.0,60850.0,59530.0,60260.0,1256900
2024-01-24,VCB,60330.0,60590.0,59860.0,60000.0,744700
2024-01-25,VCB,60000.0,60330.0,59730.0,59930.0,503300
2024-01-26,VCB,60330.0,60590.0,60200.0,60590.0,953100
2024-01-29,VCB,60460.0,60590.0,59860.0,60060.0,730500
2024-01-30,VCB,60060.0,60060.0,59340.0,59930.0,888600
2024-01-31,VCB,59660.0,59660.0,58280.0,58280.0,945600
2024-02-01,VCB,57950.0,59400.0,57950.0,59140.0,598100
2024-02-02,VCB,58680.0,59600.0,58680.0,59460.0,733000
2024-02-05,VCB,59400.0,59660.0,58880.0,59270.0,1949000
2024-02-06,VCB,59460.0,59660.0,58680.0,58950.0,1352300
2024-02-07,VCB,59270.0,59800.0,58810.0,59270.0,1371400
2024-02-15,VCB,59270.0,59730.0,58680.0,59200.0,1046700
2024-02-16,VCB,59200.0,59400.0,58950.0,59010.0,734100
2024-02-19,VCB,59200.0,59600.0,58810.0,59400.0,1045300
2024-02-20,VCB,59340.0,60200.0,58880.0,60130.0,1404300
2024-02-21,VCB,60400.0,60400.0,59600.0,60060.0,1367400
2024-02-22,VCB,59660.0,59930.0,58950.0,58950.0,1223900
2024-02-23,VCB,58950.0,60200.0,58540.0,58540.0,1800900
2024-02-26,VCB,58540.0,59270.0,58540.0,58950.0,722000
2024-02-27,VCB,59010.0,60060.0,58680.0,60000.0,1604900
2024-02-28,VCB,59930.0,64150.00000000001,59530.0,64150.00000000001,4219900
2024-02-29,VCB,64870.00000000001,66180.0,64080.0,64080.0,1897000
2024-03-01,VCB,64670.0,64670.0,62500.0,64080.0,2379600
2024-03-04,VCB,64530.0,64530.0,62970.0,63210.0,1640400
2024-03-05,VCB,63620.0,63620.0,62700.0,62900.0,1364800
2024-03-06,VCB,62900.0,63750.0,62630.0,62970.0,2070600
2024-03-07,VCB,63160.0,64150.00000000001,62900.0,63090.0,2362300
2024-03-08,VCB,63160.0,63550.0,62630.0,62630.0,2229600
2024-03-11,VCB,62630.0,63210.0,61960.0,61960.0,1840000
2024-03-12,VCB,61960.0,62500.0,61900.0,62160.0,1107000
2024-03-13,VCB,62500.0,63550.0,62100.0,63210.0,3124500
2024-03-14,VCB,63210.0,63280.0,62300.0,62570.0,2319300
2024-03-15,VCB,62570.0,62570.0,61840.0,61900.0,2302500
2024-03-18,VCB,62100.0,62230.0,60910.0,61250.0,1839300
2024-03-19,VCB,60910.0,61580.0,60910.0,60910.0,868500
2024-03-20,VCB,60910.0,61960.0,60910.0,61380.0,897700
2024-03-21,VCB,61900.0,62900.0,61900.0,62700.0,1452700
2024-03-22,VCB,62700.0,63750.0,62700.0,63480.0,1844100
2024-03-25,VCB,62570.0,63820.0,61960.0,63030.0,1368800
2024-03-26,VCB,63210.0,63620.0,63090.0,63410.0,735400
2024-03-27,VCB,63350.0,63350.0,62970.0,63090.0,1046200
2024-03-28,VCB,63350.0,63480.0,62970.0,63030.0,1232800
2024-03-29,VCB,63160.0,63160.0,62500.0,62500.0,801200
2024-04-01,VCB,62500.0,63210.0,62360.0,62700.0,1221000
2024-04-02,VCB,62630.0,62700.0,61840.0,62230.0,969000
2024-04-03,VCB,62160.0,62430.0,61780.0,61780.0,1321100
2024-04-04,VCB,62500.0,63210.0,62160.0,63210.0,2022700
2024-04-05,VCB,62430.0,62970.0,62030.0,62500.0,779200
2024-04-08,VCB,62500.0,62770.0,62030.0,62500.0,864100
2024-04-09,VCB,62570.0,62830.0,62030.0,62100.0,686800
2024-04-10,VCB,62100.0,62300.0,61960.0,62230.0,737400
2024-04-11,VCB,61900.0,62300.0,61580.0,61900.0,778000
2024-04-12,VCB,62230.0,62900.0,61780.0,62300.0,844800
2024-04-15,VCB,62300.0,63550.0,60590.0,60590.0,1900300
2024-04-16,VCB,61780.0,61780.0,59600.0,59930.0,1857700
2024-04-17,VCB,60060.0,60660.0,58950.0,59600.0,1452600
2024-04-19,VCB,59270.0,59860.0,59080.0,59600.0,1324800
2024-04-22,VCB,59600.0,60200.0,59400.0,59660.0,999100
2024-04-23,VCB,59660.0,60060.0,58750.0,59340.0,1562900
2024-04-24,VCB,59930.0,60000.0,59340.0,59660.0,1925200
2024-04-25,VCB,59660.0,61180.0,59600.0,59930.0,1235700
2024-04-26,VCB,60400.0,61450.0,60060.0,60060.0,1698300
2024-05-02,VCB,60660.0,60910.0,60000.0,60520.0,932400
2024-05-03,VCB,60850.0,61510.0,60460.0,60910.0,1470700
2024-05-06,VCB,61180.0,61450.0,61050.0,61250.0,1147200
2024-05-07,VCB,61510.0,61960.0,61180.0,61180.0,1154200
2024-05-08,VCB,61050.0,61380.0,60660.0,61250.0,1246000
2024-05-09,VCB,61180.0,61510.0,60780.0,60910.0,606600
2024-05-10,VCB,61050.0,61050.0,60400.0,60590.0,823400
2024-05-13,VCB,60660.0,60850.0,59600.0,59930.0,1232600
2024-05-14,VCB,60000.0,60330.0,59600.0,59660.0,818400
2024-05-15,VCB,59930.0,60130.0,59800.0,59930.0,883100
2024-05-16,VCB,60590.0,61050.0,60260.0,60980.0,1713900
2024-05-17,VCB,60980.0,60980.0,60400.0,60460.0,1084700
2024-05-20,VCB,60780.0,61250.0,60460.0,60520.0,1043800
2024-05-21,VCB,60520.0,60590.0,59730.0,60000.0,1486400
2024-05-22,VCB,60260.0,60400.0,59730.0,59730.0,1347700
2024-05-23,VCB,59730.0,60260.0,59600.0,59930.0,1317500
2024-05-24,VCB,59930.0,59930.0,59270.0,59400.0,2241500
2024-05-27,VCB,59530.0,59660.0,59080.0,59400.0,1058500
2024-05-28,VCB,59140.0,59730.0,59140.0,59730.0,1350100
2024-05-29,VCB,59800.0,59930.0,59140.0,59140.0,1186300
2024-05-30,VCB,58950.0,59080.0,58280.0,58340.0,2356000
2024-05-31,VCB,58410.0,58610.0,57430.0,57430.0,3921500
2024-06-03,VCB,57950.0,58810.0,57950.0,58090.0,2108600
2024-06-04,VCB,58540.0,58750.0,58150.0,58410.0,1814600
2024-06-05,VCB,58410.0,58950.0,58340.0,58480.0,1882800
2024-06-06,VCB,58540.0,59080.0,58480.0,58610.0,1699700
2024-06-07,VCB,58680.0,59080.0,58280.0,58280.0,1129500
2024-06-10,VCB,58540.0,58750.0,57890.0,57950.0,2641600
2024-06-11,VCB,58150.0,58220.0,57360.0,57430.0,2252400
2024-06-12,VCB,57560.0,58750.0,57290.0,58410.0,2249800
2024-06-13,VCB,58540.0,58680.0,58220.0,58220.0,1600400
2024-06-14,VCB,58280.0,58680.0,57630.0,57630.0,2482100
2024-06-17,VCB,57700.0,57820.0,57360.0,57360.0,2293700
2024-06-18,VCB,57630.0,58280.0,57360.0,57360.0,1370900
2024-06-19,VCB,57490.0,57630.0,56970.0,57040.0,2174300
2024-06-20,VCB,57040.0,57040.0,56380.0,56640.0,2648800
2024-06-21,VCB,56700.0,57090.0,56310.0,56640.0,1808400
2024-06-24,VCB,56640.0,57560.0,56310.0,56310.0,2149800
2024-06-25,VCB,56430.0,57090.0,56310.0,56310.0,1565900
2024-06-26,VCB,56570.0,56840.0,56110.0,56110.0,1706900
2024-06-27,VCB,56110.0,56640.0,56110.0,56110.0,1423000
2024-06-28,VCB,56640.0,56640.0,55980.0,56110.0,1112400
2024-07-01,VCB,56500.0,56770.0,56110.0,56700.0,1179200
2024-07-02,VCB,57090.0,58480.0,56770.0,58090.0,2425200
2024-07-03,VCB,57950.0,58410.0,57820.0,58280.0,2250700
2024-07-04,VCB,58340.0,59080.0,57950.0,57950.0,3060300
2024-07-05,VCB,58020.0,58750.0,57950.0,57950.0,1847400
2024-07-08,VCB,57950.0,58410.0,57430.0,57430.0,1143800
2024-07-09,VCB,57630.0,58220.0,57090.0,58020.0,1549000
2024-07-10,VCB,58150.0,58750.0,57950.0,58340.0,1722900
2024-07-11,VCB,58340.0,58540.0,58020.0,58020.0,1445100
2024-07-12,VCB,58090.0,58340.0,57700.0,57700.0,1373400
2024-07-15,VCB,57700.0,58150.0,57630.0,57630.0,1172000
2024-07-16,VCB,57700.0,58340.0,57700.0,57890.0,1534100
2024-07-17,VCB,58480.0,59270.0,57630.0,57950.0,3362500
2024-07-18,VCB,58150.0,58480.0,57890.0,57950.0,1651700
2024-07-19,VCB,57950.0,58480.0,57630.0,57630.0,1323100
2024-07-22,VCB,57630.0,58150.0,57490.0,57750.0,1461100
2024-07-23,VCB,57820.0,58150.0,57630.0,57630.0,1410400
2024-07-24,VCB,57560.0,58020.0,57560.0,57630.0,1476700
2024-07-25,VCB,57700.0,57750.0,57430.0,57490.0,881000
2024-07-26,VCB,57490.0,57750.0,57430.0,57490.0,903300
2024-07-29,VCB,57700.0,57820.0,57490.0,57490.0,452800
2024-07-30,VCB,57490.0,58150.0,57490.0,57630.0,977800
2024-07-31,VCB,57630.0,58750.0,57630.0,58750.0,1863400
2024-08-01,VCB,58810.0,60200.0,58750.0,59730.0,4800600
2024-08-02,VCB,59530.0,59530.0,58410.0,58410.0,1511400
2024-08-05,VCB,58280.0,58280.0,57230.0,57230.0,3059700
2024-08-06,VCB,57230.0,57750.0,57090.0,57490.0,1653100
2024-08-07,VCB,57560.0,57750.0,57290.0,57750.0,713000
2024-08-08,VCB,57750.0,57750.0,57430.0,57490.0,961200
2024-08-09,VCB,57560.0,58150.0,57560.0,57750.0,1136700
2024-08-12,VCB,58220.0,58220.0,57490.0,57820.0,1060300
2024-08-13,VCB,57700.0,58950.0,57700.0,58950.0,1592900
2024-08-14,VCB,58810.0,58880.0,57820.0,57950.0,1492800
2024-08-15,VCB,57950.0,58480.0,57700.0,57700.0,921000
2024-08-16,VCB,57950.0,58540.0,57950.0,58020.0,1370400
2024-08-19,VCB,58480.0,58810.0,58150.0,58480.0,1655200
2024-08-20,VCB,58540.0,59800.0,58540.0,59800.0,3384300
2024-08-21,VCB,59800.0,61250.0,59530.0,61110.0,2745300
2024-08-22,VCB,61180.0,61380.0,60660.0,60850.0,1413500
2024-08-23,VCB,60910.0,61110.0,59600.0,60850.0,1075500
2024-08-26,VCB,60660.0,60980.0,60330.0,60590.0,1565800
2024-08-27,VCB,60590.0,60660.0,59860.0,60260.0,900600
2024-08-28,VCB,60400.0,60520.0,60000.0,60000.0,1031600
2024-08-29,VCB,59930.0,60850.0,59930.0,60260.0,1496300
2024-08-30,VCB,60260.0,60780.0,60260.0,60400.0,1669800
2024-09-04,VCB,60000.0,60000.0,59460.0,59930.0,1012700
2024-09-05,VCB,59660.0,60000.0,59340.0,59340.0,1184100
2024-09-06,VCB,59400.0,59800.0,59140.0,59400.0,784800
2024-09-09,VCB,59340.0,59400.0,58750.0,59400.0,702800
2024-09-10,VCB,59340.0,59400.0,58610.0,58610.0,1192200
2024-09-11,VCB,58340.0,58610.0,57950.0,58220.0,1027300
2024-09-12,VCB,58280.0,59340.0,58220.0,58950.0,1609600
2024-09-13,VCB,59140.0,59400.0,58680.0,59200.0,1624800
2024-09-16,VCB,59010.0,59270.0,58480.0,58540.0,727700
2024-09-17,VCB,58610.0,59600.0,58340.0,59600.0,970800
2024-09-18,VCB,59660.0,60520.0,59080.0,59930.0,1721200
2024-09-19,VCB,59930.0,60400.0,59860.0,60260.0,1345500
2024-09-20,VCB,60460.0,60590.0,59660.0,59660.0,2180400
2024-09-23,VCB,60130.0,60330.0,59860.0,59860.0,696500
2024-09-24,VCB,59860.0,60260.0,59860.0,60060.0,522400
2024-09-25,VCB,60260.0,61250.0,60060.0,61110.0,2602400
2024-09-26,VCB,61180.0,61780.0,60910.0,60910.0,1816800
2024-09-27,VCB,60910.0,61650.0,60910.0,60910.0,1070900
2024-09-30,VCB,60910.0,60910.0,60590.0,60590.0,1276900
2024-10-01,VCB,60780.0,61510.0,60590.0,60590.0,1724400
2024-10-02,VCB,60780.0,61050.0,60460.0,61050.0,1378900
2024-10-03,VCB,60980.0,61840.0,60850.0,60980.0,1699200
2024-10-04,VCB,60910.0,61110.0,60780.0,60780.0,859700
2024-10-07,VCB,60780.0,60910.0,60460.0,60590.0,610700
2024-10-08,VCB,60590.0,60590.0,59930.0,60260.0,1123100
2024-10-09,VCB,60130.0,60460.0,59860.0,59930.0,2175700
2024-10-10,VCB,60780.0,61250.0,60060.0,60520.0,1325200
2024-10-11,VCB,60520.0,60520.0,60060.0,60260.0,1083500
2024-10-14,VCB,60710.0,60710.0,60130.0,60200.0,930700
2024-10-15,VCB,60130.0,60660.0,60130.0,60200.0,1430600
2024-10-16,VCB,60200.0,60460.0,60130.0,60260.0,1293000
2024-10-17,VCB,60590.0,60780.0,60400.0,60710.0,1285400
2024-10-18,VCB,61050.0,61310.0,60590.0,60850.0,1162700
2024-10-21,VCB,60910.0,61450.0,60590.0,60590.0,1423100
2024-10-22,VCB,60590.0,60710.0,60200.0,60200.0,1259500
2024-10-23,VCB,60060.0,60460.0,60060.0,60260.0,749300
2024-10-24,VCB,60710.0,60780.0,60200.0,60400.0,755400
2024-10-25,VCB,60660.0,60780.0,60400.0,60460.0,996300
2024-10-28,VCB,60260.0,60780.0,60260.0,60590.0,1105800
2024-10-29,VCB,60660.0,60980.0,60590.0,60590.0,1297600
2024-10-30,VCB,60590.0,60850.0,60330.0,60400.0,626500
2024-10-31,VCB,60260.0,62570.0,60260.0,61650.0,2888900
2024-11-01,VCB,61900.0,62500.0,61580.0,61580.0,1729900
2024-11-04,VCB,61900.0,62770.0,60850.0,60910.0,1853600
2024-11-05,VCB,60980.0,61250.0,60590.0,60980.0,1082700
2024-11-06,VCB,61110.0,61510.0,61110.0,61180.0,1416800
2024-11-07,VCB,61380.0,61840.0,61380.0,61380.0,1418900
2024-11-08,VCB,61580.0,61840.0,60710.0,60710.0,1380000
2024-11-11,VCB,61110.0,61110.0,60520.0,60590.0,1873400
2024-11-12,VCB,60590.0,61380.0,60520.0,60520.0,1336300
2024-11-13,VCB,60520.0,61180.0,60520.0,60910.0,1331800
2024-11-14,VCB,60590.0,60910.0,60520.0,60590.0,1719700
2024-11-15,VCB,60590.0,60910.0,60330.0,60400.0,1508600
2024-11-18,VCB,60400.0,60780.0,59860.0,59930.0,1874800
2024-11-19,VCB,60260.0,60330.0,59270.0,59270.0,1577000
2024-11-20,VCB,59270.0,60060.0,59200.0,59460.0,1640700
2024-11-21,VCB,59530.0,60130.0,59400.0,59600.0,1461100
2024-11-22,VCB,59930.0,60130.0,59660.0,59660.0,1729700
2024-11-25,VCB,59860.0,60710.0,59860.0,60130.0,1814000
2024-11-26,VCB,60200.0,61180.0,60200.0,60850.0,1759900
2024-11-27,VCB,60780.0,61380.0,60780.0,61050.0,1047200
2024-11-28,VCB,61310.0,61580.0,60910.0,60980.0,1289900
2024-11-29,VCB,60980.0,61450.0,60910.0,61450.0,1010500
2024-12-02,VCB,62500.0,62630.0,61840.0,62030.0,1573100
2024-12-03,VCB,62160.0,62160.0,60980.0,61250.0,2445800
2024-12-04,VCB,61110.0,61840.0,60910.0,61580.0,1204400
2024-12-05,VCB,61250.0,62300.0,61250.0,61900.0,2333000
2024-12-06,VCB,61900.0,62770.0,61840.0,62030.0,1700100
2024-12-09,VCB,62030.0,62770.0,61840.0,62770.0,1957500
2024-12-10,VCB,62770.0,62770.0,62230.0,62230.0,912700
2024-12-11,VCB,62230.0,62430.0,61380.0,61450.0,1609700
2024-12-12,VCB,61580.0,62160.0,61580.0,61580.0,671500
2024-12-13,VCB,61380.0,61650.0,61180.0,61310.0,1227700
2024-12-16,VCB,61250.0,61380.0,61180.0,61310.0,1121800
2024-12-17,VCB,61250.0,61310.0,61110.0,61250.0,1048100
2024-12-18,VCB,61250.0,61450.0,61250.0,61310.0,530300
2024-12-19,VCB,61110.0,61110.0,60710.0,60850.0,1869700
2024-12-20,VCB,60850.0,61180.0,60780.0,60910.0,1245900
2024-12-23,VCB,60980.0,61110.0,60850.0,60850.0,707200
2024-12-24,VCB,61050.0,61110.0,60590.0,60660.0,1024300
2024-12-25,VCB,60710.0,61780.0,60710.0,60850.0,1827700
2024-12-26,VCB,60910.0,61110.0,60590.0,60660.0,2202900
2024-12-27,VCB,60910.0,61250.0,60710.0,60710.0,1639900
2024-12-30,VCB,60710.0,60910.0,60590.0,60590.0,1706700
2024-12-31,VCB,60710.0,60850.0,60060.0,60060.0,2374000
2025-01-02,VCB,60330.0,60910.0,60260.0,60520.0,1630500
2025-01-03,VCB,60520.0,60850.0,60520.0,60590.0,1402200
2025-01-06,VCB,60590.0,61510.0,60520.0,61180.0,1936800
2025-01-07,VCB,61380.0,61380.0,60780.0,60780.0,1252400
2025-01-08,VCB,60780.0,60850.0,60260.0,60850.0,1052000
2025-01-09,VCB,60590.0,60710.0,60400.0,60520.0,738300
2025-01-10,VCB,60520.0,60850.0,60200.0,60200.0,1112500
2025-01-13,VCB,60130.0,60520.0,60000.0,60520.0,937600
2025-01-14,VCB,60520.0,60520.0,60060.0,60400.0,677300
2025-01-15,VCB,60520.0,60520.0,60200.0,60200.0,445300
2025-01-16,VCB,60520.0,61380.0,60460.0,61050.0,2460200
2025-01-17,VCB,61050.0,61250.0,60710.0,60910.0,1122600
2025-01-20,VCB,60780.0,60910.0,60330.0,60400.0,1761500
2025-01-21,VCB,60660.0,60660.0,60130.0,60200.0,1264900
2025-01-22,VCB,60590.0,60590.0,60060.0,60060.0,979100
2025-01-23,VCB,60130.0,61180.0,60130.0,60910.0,1685100
2025-01-24,VCB,60660.0,61250.0,60660.0,60980.0,944000
2025-02-03,VCB,60780.0,60850.0,60330.0,60330.0,1435800
2025-02-04,VCB,60660.0,60710.0,60400.0,60590.0,855200
2025-02-05,VCB,60590.0,61110.0,60590.0,60980.0,1345800
2025-02-06,VCB,61110.0,61510.0,61050.0,61180.0,1351600
2025-02-07,VCB,61180.0,61380.0,60910.0,61250.0,2260900
2025-02-10,VCB,61180.0,61180.0,60520.0,60710.0,2298100
2025-02-11,VCB,60710.0,60780.0,60400.0,60520.0,1039400
2025-02-12,VCB,60520.0,60910.0,60260.0,60260.0,1054100
2025-02-13,VCB,60520.0,60520.0,60200.0,60330.0,862300
2025-02-14,VCB,60710.0,60710.0,60260.0,60330.0,947800
2025-02-17,VCB,60260.0,60590.0,60260.0,60330.0,787100
2025-02-18,VCB,60330.0,60590.0,60200.0,60330.0,1065500
2025-02-19,VCB,60330.0,60400.0,60130.0,60400.0,1509500
2025-02-20,VCB,60710.0,60780.0,60400.0,60400.0,1636600
2025-02-21,VCB,60660.0,61310.0,60660.0,61310.0,2513400
2025-02-24,VCB,61450.0,61580.0,61050.0,61580.0,1956000
2025-02-25,VCB,61580.0,61650.0,60910.0,60980.0,1926600
2025-02-26,VCB,60980.0,61180.0,60710.0,60780.0,769200
2025-02-27,VCB,62500.0,62830.0,61900.0,61900.0,5028800
2025-02-28,VCB,62030.0,62030.0,61450.0,61450.0,2070800
2025-03-03,VCB,61580.0,61580.0,61250.0,61450.0,1251000
2025-03-04,VCB,61380.0,61510.0,61050.0,61250.0,2498900
2025-03-05,VCB,61250.0,61780.0,61250.0,61250.0,1820200
2025-03-06,VCB,61580.0,62030.0,61380.0,61580.0,2357600
2025-03-07,VCB,61650.0,62770.0,61580.0,62630.0,3999500
2025-03-10,VCB,63480.0,64150.00000000001,63280.0,63750.0,4428800
2025-03-11,VCB,63210.0,63750.0,62970.0,63750.0,3639900
2025-03-12,VCB,64980.00000000001,67540.0,64580.0,65670.0,7560300
2025-03-13,VCB,66160.0,66160.0,64200.0,64489.99999999999,4496300
2025-03-14,VCB,64390.0,65770.0,64390.0,64980.00000000001,4920600
2025-03-17,VCB,64980.00000000001,66260.0,64980.00000000001,66260.0,4940800
2025-03-18,VCB,66750.0,66750.0,65770.0,65770.0,3656000
2025-03-19,VCB,66160.0,66160.0,65470.0,65470.0,3674000
2025-03-20,VCB,65470.0,65960.0,65180.00000000001,65770.0,1688900
2025-03-21,VCB,65960.0,65960.0,64980.00000000001,64980.00000000001,1701500
2025-03-24,VCB,65280.0,65470.0,64489.99999999999,65470.0,1977600
2025-03-25,VCB,65470.0,65570.0,65180.00000000001,65180.00000000001,2028100
2025-03-26,VCB,65379.99999999999,65570.0,64780.0,64780.0,1507400
2025-03-27,VCB,64780.0,64879.99999999999,64489.99999999999,64489.99999999999,901500
2025-03-28,VCB,64489.99999999999,64680.00000000001,63800.0,63800.0,1650600
2025-03-31,VCB,63700.0,64200.0,63020.0,63020.0,1771900
2025-04-01,VCB,63700.0,64290.00000000001,63020.0,63500.0,1715200
2025-04-02,VCB,64000.0,64980.00000000001,63600.0,63800.0,2330700
2025-04-03,VCB,63020.0,63400.0,59370.0,59370.0,9806100
2025-04-04,VCB,55830.0,59080.0,55330.0,59080.0,11887700
2025-04-08,VCB,58880.0,58880.0,54940.0,54940.0,7181200
2025-04-09,VCB,51190.0,58780.0,51190.0,51690.0,8995800
2025-04-10,VCB,55230.0,55230.0,55230.0,55230.0,174400
2025-04-11,VCB,58880.0,58980.0,57100.0,58880.0,8059500
2025-04-14,VCB,59080.0,59080.0,57790.0,58380.0,3619500
2025-04-15,VCB,58190.0,59960.0,57400.0,59080.0,5633100
2025-04-16,VCB,58780.0,59370.0,58090.0,58380.0,2625800
2025-04-17,VCB,58380.0,58380.0,57200.0,57200.0,3151800
2025-04-18,VCB,57790.0,58680.0,57200.0,57200.0,2165400
2025-04-21,VCB,57600.0,57990.0,57200.0,57300.0,1290500
2025-04-22,VCB,57200.0,57890.0,53850.0,57600.0,3850700
2025-04-23,VCB,58480.0,58480.0,57100.0,57100.0,1928700
2025-04-24,VCB,57300.0,57700.0,57100.0,57300.0,1861200
2025-04-25,VCB,57300.0,58090.0,56610.0,56610.0,3682000
2025-04-28,VCB,56810.0,57400.0,56610.0,56610.0,1654600
2025-04-29,VCB,56810.0,57600.0,56410.0,56410.0,2432200
2025-05-05,VCB,56410.0,56410.0,56220.0,56220.0,2101500
2025-05-06,VCB,56410.0,57100.0,56120.0,56120.0,2992900
2025-05-07,VCB,56220.0,56610.0,56120.0,56120.0,2415400
2025-05-08,VCB,56510.0,56810.0,56020.0,56220.0,3022300
2025-05-09,VCB,56410.0,56710.0,55730.0,55730.0,5827400
2025-05-12,VCB,56120.0,56410.0,55330.0,55730.0,5992500
2025-05-13,VCB,56220.0,56410.0,55730.0,55920.0,7392600
2025-05-14,VCB,56320.0,57890.0,56320.0,57790.0,8014200
2025-05-15,VCB,58380.0,58880.0,57790.0,57790.0,8070600
2025-05-16,VCB,57890.0,58090.0,56610.0,56610.0,8364800
2025-05-19,VCB,56510.0,56710.0,56120.0,56120.0,4784400
2025-05-20,VCB,56120.0,56510.0,55920.0,56220.0,3867000
2025-05-21,VCB,56610.0,57010.0,56120.0,56220.0,5161800
2025-05-22,VCB,56220.0,56510.0,56020.0,56020.0,3694300
2025-05-23,VCB,56020.0,56610.0,55830.0,55920.0,3546500
2025-05-26,VCB,56020.0,56120.0,55130.0,56120.0,4728300
2025-05-27,VCB,55920.0,56320.0,55830.0,55920.0,5548900
2025-05-28,VCB,56220.0,56710.0,55920.0,55920.0,4950200
2025-05-29,VCB,56320.0,56320.0,55830.0,55830.0,3904500
2025-05-30,VCB,55920.0,56020.0,55530.0,55530.0,3934000
2025-06-02,VCB,55630.0,55630.0,55230.0,55330.0,3225700
2025-06-03,VCB,55830.0,56020.0,55530.0,55920.0,3364000
2025-06-04,VCB,56020.0,56120.0,55630.0,55730.0,2690500
2025-06-05,VCB,55830.0,55920.0,55430.0,55430.0,2783100
2025-06-06,VCB,55430.0,55730.0,55230.0,55230.0,2531900
2025-06-09,VCB,55330.0,55530.0,55030.0,55030.0,2223900
2025-06-10,VCB,55130.0,55330.0,55030.0,55030.0,2231400
2025-06-11,VCB,55330.0,55330.0,54840.0,54840.0,2295800
2025-06-12,VCB,55130.0,55230.0,54840.0,55130.0,2560800
2025-06-13,VCB,55030.0,56220.0,54740.0,55330.0,5364900
2025-06-16,VCB,55330.0,55830.0,55330.0,55730.0,4336600
2025-06-17,VCB,56020.0,56610.0,55920.0,56320.0,5159800
2025-06-18,VCB,56320.0,56410.0,55630.0,55830.0,3421100
2025-06-19,VCB,55830.0,56120.0,55630.0,55730.0,2368700
2025-06-20,VCB,55830.0,56320.0,55630.0,56220.0,6886500
2025-06-23,VCB,55830.0,56020.0,55630.0,55730.0,2480600
2025-06-24,VCB,56020.0,56220.0,55730.0,55730.0,3507600
2025-06-25,VCB,55920.0,56020.0,55730.0,55730.0,2739800
2025-06-26,VCB,55830.0,55920.0,55530.0,55530.0,2842900
2025-06-27,VCB,55730.0,56410.0,55530.0,55830.0,4082600
2025-06-30,VCB,56120.0,56320.0,56020.0,56120.0,2952200
2025-07-01,VCB,56320.0,57890.0,56220.0,57300.0,10049500
2025-07-02,VCB,57400.0,57700.0,56810.0,57100.0,2913600
2025-07-03,VCB,57200.0,57890.0,56810.0,57010.0,7395300
2025-07-04,VCB,57010.0,57890.0,56910.0,57500.0,4849800
2025-07-07,VCB,57600.0,57990.0,57300.0,57700.0,8056200
2025-07-08,VCB,57890.0,58580.0,57700.0,58090.0,10394500
2025-07-09,VCB,58480.0,60840.0,58480.0,60550.0,16449700
2025-07-10,VCB,60840.0,60840.0,60060.0,60460.0,8152900
2025-07-11,VCB,60550.0,62120.0,60550.0,61740.0,12701900
2025-07-14,VCB,61920.0,61920.0,60060.0,61440.0,6475000
2025-07-15,VCB,61440.0,61640.0,60460.0,60460.0,6315400
2025-07-16,VCB,60460.0,61140.0,60160.0,60840.0,7603200
2025-07-17,VCB,60840.0,61740.0,60840.0,61240.0,9992700
2025-07-18,VCB,61340.0,61640.0,60840.0,60940.0,6915300
2025-07-21,VCB,61240.0,61740.0,60360.0,60360.0,6138200
2025-07-22,VCB,60360.0,61240.0,59960.0,61240.0,4902600
2025-07-23,VCB,61540.0,61640.0,60840.0,61140.0,5087300
2025-07-24,VCB,61240.0,62520.0,60940.0,61140.0,8710200
2025-07-25,VCB,61140.0,61540.0,60940.0,61040.0,4978400
2025-07-28,VCB,61240.0,62020.0,61140.0,61830.0,10484700
2025-07-29,VCB,62220.0,62220.0,60060.0,60060.0,10595600
2025-07-30,VCB,60060.0,60940.0,59460.0,59960.0,7271000
2025-07-31,VCB,60550.0,60740.0,59170.0,59270.0,6066900
2025-08-01,VCB,59370.0,59660.0,58780.0,59270.0,4751600
2025-08-04,VCB,59170.0,60460.0,59080.0,60160.0,4462400
2025-08-05,VCB,60550.0,62720.0,60260.0,60550.0,18590000
2025-08-06,VCB,61140.0,61830.0,60940.0,61340.0,4677500
2025-08-07,VCB,61920.0,61920.0,60360.0,60740.0,9498700
2025-08-08,VCB,61240.0,62320.0,60650.0,60940.0,10679800
2025-08-11,VCB,61140.0,62220.0,61140.0,61540.0,7266300
2025-08-12,VCB,61830.0,63800.0,61740.0,62020.0,12129000
2025-08-13,VCB,62520.0,62620.0,61040.0,61540.0,7519800
2025-08-14,VCB,62720.0,65280.0,62320.0,64200.0,19003100
2025-08-15,VCB,66360.0,66460.0,63200.0,63300.0,16667800
2025-08-18,VCB,63800.0,64580.0,63020.0,63500.0,8297300
2025-08-19,VCB,63500.0,64390.0,63200.0,63200.0,9191400
2025-08-20,VCB,63500.0,63600.0,61240.0,62020.0,10537600
2025-08-21,VCB,62320.0,64000.0,62320.0,63200.0,9639300
2025-08-22,VCB,63020.0,66160.0,62720.0,63600.0,18944300
2025-08-25,VCB,64780.0,64780.0,62420.0,62620.0,7750800
2025-08-26,VCB,62620.0,64000.0,61920.0,63600.0,7988400
2025-08-27,VCB,64000.0,68030.0,64000.0,68030.0,31048100
2025-08-28,VCB,68430.0,69510.0,67640.0,67930.0,8799400
2025-08-29,VCB,68130.0,69020.0,67440.0,67540.0,14696100
2025-09-03,VCB,67740.0,67740.0,65960.0,65960.0,14216900
2025-09-04,VCB,66460.0,67930.0,65870.0,67840.0,8942100
2025-09-05,VCB,68430.0,68530.0,66460.0,66460.0,11047800
2025-09-08,VCB,66060.0,66460.0,64290.00000000001,64290.00000000001,11249800
2025-09-09,VCB,64489.99999999999,65180.00000000001,63500.0,63900.0,6192300
2025-09-10,VCB,64580.0,64980.00000000001,63800.0,64780.0,5006400
2025-09-11,VCB,64580.0,64980.00000000001,63200.0,64680.00000000001,6349100
2025-09-12,VCB,65180.00000000001,65180.00000000001,64000.0,64780.0,5694200
2025-09-15,VCB,64980.00000000001,64980.00000000001,64489.99999999999,64780.0,5367400
2025-09-16,VCB,64980.00000000001,65570.0,64580.0,64580.0,6765400
2025-09-17,VCB,64489.99999999999,64780.0,63800.0,63800.0,5627200
2025-09-18,VCB,63900.0,63900.0,62620.0,62920.0,8783400
2025-09-19,VCB,63200.0,63500.0,62020.0,62020.0,6932700
2025-09-22,VCB,62020.0,62220.0,60840.0,61040.0,6061300
2025-09-23,VCB,61440.0,62120.0,61240.0,61240.0,3267800
2025-09-24,VCB,61440.0,61740.0,60840.0,61740.0,3879200
2025-09-25,VCB,62320.0,62420.0,61740.0,62020.0,3870300
2025-09-26,VCB,62220.0,62420.0,61920.0,62020.0,3981900
2025-09-29,VCB,61920.0,61920.0,61440.0,61640.0,2782900
2025-09-30,VCB,61830.0,61920.0,60840.0,61040.0,4104100
2025-10-01,VCB,61740.0,61740.0,61040.0,61440.0,3022000
2025-10-02,VCB,61440.0,62120.0,61140.0,61140.0,3657500
2025-10-03,VCB,61490.0,61490.0,60890.0,61190.0,2821100
2025-10-06,VCB,62280.0,63470.0,62280.0,63470.0,7461700
2025-10-07,VCB,63570.0,63570.0,62780.0,63170.0,4229300
2025-10-08,VCB,63670.0,64360.0,63070.0,64069.99999999999,8113800
2025-10-09,VCB,63970.0,64660.0,63270.0,63270.0,5734200
2025-10-10,VCB,63370.0,63870.0,63070.0,63670.0,4985600
2025-10-13,VCB,62880.0,63270.0,62280.0,62580.0,7992500
2025-10-14,VCB,62980.0,63470.0,62380.0,62580.0,7008900
2025-10-15,VCB,62580.0,62880.0,61980.0,61980.0,5218800
2025-10-16,VCB,62180.0,62480.0,61980.0,62380.0,4634400
2025-10-17,VCB,62380.0,62380.0,61290.0,61390.0,5405900
2025-10-20,VCB,61290.0,61690.0,58120.0,58910.0,12115600
2025-10-21,VCB,59210.0,60200.0,58810.0,58810.0,8416700
2025-10-22,VCB,59600.0,59700.0,58020.0,59110.0,4664800
2025-10-23,VCB,58410.0,59800.0,58410.0,59310.0,4227100
2025-10-24,VCB,59310.0,59410.0,58310.0,59010.0,4372700
2025-10-27,VCB,59500.0,59500.0,58710.0,58710.0,2640000
2025-10-28,VCB,58710.0,59700.0,58610.0,59500.0,2789700
2025-10-29,VCB,59500.0,60500.0,59310.0,60200.0,3716000
2025-10-30,VCB,60500.0,60690.0,59800.0,60100.0,1946600
2025-10-31,VCB,60300.0,60300.0,59110.0,59110.0,2117800
2025-11-03,VCB,59500.0,59800.0,58810.0,58810.0,2800100
2025-11-04,VCB,58710.0,59900.0,58610.0,59600.0,2952400
2025-11-05,VCB,59500.0,60600.0,59410.0,60300.0,4601700
2025-11-06,VCB,60400.0,60790.0,59700.0,59800.0,2821200
2025-11-07,VCB,59500.0,59500.0,58510.0,58810.0,3586300
2025-11-10,VCB,58910.0,59210.0,58310.0,58310.0,2316500
2025-11-11,VCB,58610.0,59110.0,58310.0,58410.0,2540900
2025-11-12,VCB,58610.0,59210.0,58510.0,59010.0,2012700
2025-11-13,VCB,59010.0,59500.0,58710.0,59310.0,2113500
2025-11-14,VCB,59310.0,59900.0,58910.0,59500.0,2069600
2025-11-17,VCB,59500.0,59900.0,59410.0,59700.0,1585600
2025-11-18,VCB,59900.0,59900.0,59310.0,59410.0,2158800
2025-11-19,VCB,59410.0,59600.0,58810.0,58910.0,2896200
2025-11-20,VCB,59110.0,59210.0,58710.0,58910.0,2259400
2025-11-21,VCB,58610.0,58710.0,58220.0,58510.0,3452400
2025-11-24,VCB,58510.0,58810.0,58220.0,58310.0,2025600
2025-11-25,VCB,58410.0,58510.0,57720.0,57720.0,2755000
2025-11-26,VCB,58020.0,58120.0,57320.0,57620.0,5371200
2025-11-27,VCB,57720.0,58020.0,57420.0,57420.0,3113500
2025-11-28,VCB,57520.0,57620.0,56930.0,56930.0,3534300
2025-12-01,VCB,57120.0,57520.0,57030.0,57030.0,2824900
2025-12-02,VCB,57030.0,57320.0,56730.0,57120.0,3185600
2025-12-03,VCB,57320.0,58610.0,57320.0,58410.0,6161200
2025-12-04,VCB,58510.0,58910.0,58220.0,58410.0,2923100
2025-12-05,VCB,58510.0,58710.0,57720.0,57820.0,3604700
2025-12-08,VCB,57720.0,57820.0,57320.0,57420.0,2141500
2025-12-09,VCB,57420.0,58220.0,56830.0,57520.0,4519400
2025-12-10,VCB,57820.0,58120.0,57320.0,57720.0,3082500
2025-12-11,VCB,57920.0,57920.0,57120.0,57120.0,1746700
2025-12-12,VCB,57320.0,57320.0,56330.0,56330.0,4847700
2025-12-15,VCB,56330.0,56830.0,56230.0,56330.0,3203100
2025-12-16,VCB,56430.0,56930.0,55540.0,56430.0,6346800
2025-12-17,VCB,56530.0,57030.0,56230.0,56230.0,2331200
2025-12-18,VCB,56730.0,57030.0,56230.0,56330.0,3075800
2025-12-19,VCB,56530.0,57030.0,56230.0,57030.0,4265500
2025-12-22,VCB,57220.0,57520.0,56830.0,57320.0,2961200
2025-12-23,VCB,57320.0,57620.0,56530.0,56730.0,3147900
2025-12-24,VCB,56830.0,56830.0,56430.0,56530.0,4431500
2025-12-25,VCB,56530.0,57420.0,56530.0,56630.0,3968100
2025-12-26,VCB,56630.0,56930.0,56130.0,56630.0,3302500
2025-12-29,VCB,56930.0,57030.0,56630.0,56630.0,2099700
2025-12-30,VCB,56830.0,57620.0,56730.0,56830.0,2958000
2025-12-31,VCB,56930.0,57420.0,56830.0,57030.0,2530800
2026-01-05,VCB,57030.0,57120.0,56530.0,56630.0,3591800
2026-01-06,VCB,56630.0,57030.0,56130.0,56830.0,4173200
2026-01-07,VCB,57120.0,59410.0,57030.0,59110.0,12918300
2026-01-08,VCB,59310.0,63170.0,59210.0,63170.0,27104600
2026-01-09,VCB,64860.0,67440.0,64860.0,67440.0,32481400
2026-01-12,VCB,69320.0,72100.0,69030.0,72100.0,21973100
2026-01-13,VCB,73690.0,75370.0,71210.0,73390.0,28198200
2026-01-14,VCB,72500.0,78150.0,72500.0,75370.0,21213600
2026-01-15,VCB,73390.0,74280.0,71310.0,71310.0,23227200
2026-01-16,VCB,72400.0,75370.0,71410.0,72400.0,13426500
2026-01-19,VCB,72400.0,72890.0,71010.0,72100.0,8212000
2026-01-20,VCB,73390.0,74380.0,71500.0,72890.0,18491600
2026-01-21,VCB,72200.0,72990.0,71110.0,72200.0,11179000
2026-01-22,VCB,72790.0,75270.0,70020.0,70410.0,18577500
2026-01-23,VCB,70410.0,70410.0,67930.0,68030.0,16804700
2026-01-26,VCB,68330.0,70510.0,68130.0,69030.0,10990600
2026-01-27,VCB,69120.0,70910.0,67540.0,70020.0,9645200
2026-01-28,VCB,70510.0,72300.0,68830.0,69030.0,12283200
2026-01-29,VCB,68730.0,70220.0,68030.0,69220.0,7855400
2026-01-30,VCB,70020.0,71310.0,69030.0,69920.0,11480700
2026-02-02,VCB,69920.0,70910.0,68730.0,70910.0,10711000
2026-02-03,VCB,71800.0,72690.0,70710.0,71210.0,15094700
2026-02-04,VCB,71410.0,71410.0,69920.0,70220.0,8726700
2026-02-05,VCB,70120.0,70220.0,67840.0,67840.0,11688700
2026-02-06,VCB,67340.0,67340.0,64360.0,64560.0,24570400
2026-02-09,VCB,64959.99999999999,65459.99999999999,63670.0,64459.99999999999,7308900
2026-02-10,VCB,63970.0,64959.99999999999,62080.0,62580.0,15811100
2026-02-11,VCB,63470.0,66050.0,62980.0,64170.0,11121200
2026-02-12,VCB,64959.99999999999,64959.99999999999,63670.0,63670.0,7950400
2026-02-13,VCB,64170.0,64560.0,63470.0,63870.0,4951400
2026-02-23,VCB,64459.99999999999,66150.0,64069.99999999999,65850.0,10104200
2026-02-24,VCB,66050.0,66050.0,64360.0,64459.99999999999,10246500
2026-02-25,VCB,64459.99999999999,65950.0,64170.0,64560.0,9488800
2026-02-26,VCB,64660.0,65360.0,64459.99999999999,64860.0,7561900
2026-02-27,VCB,64959.99999999999,65850.0,64260.00000000001,64360.0,8831200
2026-03-02,VCB,62380.0,63370.0,62380.0,62380.0,17105000
2026-03-03,VCB,62380.0,63170.0,60890.0,61090.0,12575400
2026-03-04,VCB,61290.0,62680.0,61190.0,62480.0,10259500
2026-03-05,VCB,63170.0,63170.0,61980.0,61980.0,6037000
2026-03-06,VCB,61490.0,62680.0,61090.0,61090.0,8854200
2026-03-09,VCB,56930.0,59210.0,56830.0,56830.0,29396000
2026-03-10,VCB,59310.0,60400.0,58310.0,59900.0,11524700
2026-03-11,VCB,60000.0,60690.0,59500.0,59900.0,8789200
2026-03-12,VCB,59700.0,59800.0,59010.0,59310.0,6217000
2026-03-13,VCB,58710.0,59600.0,58410.0,58510.0,5656900
2026-03-16,VCB,58810.0,59310.0,58120.0,58310.0,3985900
2026-03-17,VCB,59010.0,60000.0,58910.0,60000.0,7148800
2026-03-18,VCB,60400.0,61490.0,59500.0,60000.0,8225000
2026-03-19,VCB,59210.0,59500.0,58510.0,59310.0,6184000
2026-03-20,VCB,59310.0,59310.0,57520.0,57520.0,8322900
2026-03-23,VCB,57320.0,57820.0,56030.0,57120.0,9648600
2026-03-24,VCB,58510.0,58510.0,57520.0,57720.0,4332300
2026-03-25,VCB,58310.0,58610.0,57520.0,57920.0,8558200
2026-03-26,VCB,58020.0,58120.0,57030.0,57420.0,6217800
2026-03-27,VCB,57520.0,58510.0,57420.0,58310.0,6135900
2026-03-30,VCB,57420.0,58020.0,57320.0,57520.0,5546000
2026-03-31,VCB,57720.0,58410.0,57520.0,57620.0,5481100
2026-04-01,VCB,58410.0,58710.0,58020.0,58510.0,8254700
2026-04-02,VCB,58220.0,58310.0,57620.0,57720.0,5664500
2026-04-03,VCB,57820.0,58020.0,57220.0,57220.0,5919600
2026-04-06,VCB,57320.0,57720.0,57220.0,57520.0,4303300
2026-04-07,VCB,57520.0,57820.0,57220.0,57520.0,3889100
2026-04-08,VCB,58710.0,59800.0,58310.0,59700.0,13743100
2026-04-09,VCB,59500.0,59600.0,58810.0,58910.0,6217700
2026-04-10,VCB,59110.0,60500.0,59110.0,59310.0,7655400
2026-04-13,VCB,59010.0,59010.0,58510.0,58710.0,5088700
2026-04-14,VCB,59210.0,59310.0,58610.0,58810.0,5548100
2026-04-15,VCB,59210.0,60000.0,59110.0,59410.0,8919600
2026-04-16,VCB,59500.0,59600.0,58810.0,58910.0,4174500
2026-04-17,VCB,58910.0,59410.0,58910.0,59010.0,4257800
2026-04-20,VCB,59110.0,60000.0,59010.0,59600.0,6442900
2026-04-21,VCB,59900.0,60100.0,59110.0,59110.0,6379000
2026-04-22,VCB,59110.0,59310.0,58710.0,58910.0,3011000
2026-04-23,VCB,59210.0,62980.0,59110.0,62280.0,35200000
2026-04-24,VCB,62480.0,62480.0,60100.0,60100.0,11882500
2026-04-28,VCB,60300.0,60990.0,59310.0,59310.0,7596400
2026-04-29,VCB,59410.0,60000.0,59010.0,59310.0,6431000
2026-05-04,VCB,60000.0,60690.0,59500.0,60200.0,7506200
2026-05-05,VCB,60100.0,60200.0,59210.0,59410.0,6407700
2026-05-06,VCB,59700.0,60000.0,59210.0,60000.0,5807400
2026-05-07,VCB,60400.0,60600.0,59800.0,59800.0,6055700
2026-05-08,VCB,60000.0,61190.0,59800.0,60200.0,9970000
2026-05-11,VCB,60500.0,60600.0,59700.0,59800.0,5510000
2026-05-12,VCB,59800.0,60000.0,59010.0,59410.0,6549200
2026-05-13,VCB,59210.0,60790.0,58710.0,59600.0,8868000
2026-05-14,VCB,60000.0,60990.0,59500.0,60500.0,5612100
2026-05-15,VCB,60790.0,61190.0,60200.0,60200.0,8271800
2026-05-18,VCB,60200.0,62980.0,59800.0,62680.0,18877600
2026-05-19,VCB,62880.0,64459.99999999999,62080.0,63870.0,24224800
2026-05-20,VCB,63170.0,64170.0,61290.0,64069.99999999999,14381600
2026-05-21,VCB,64069.99999999999,65650.0,63270.0,64360.0,20114300
2026-05-22,VCB,64360.0,64360.0,62780.0,62980.0,8118400
2026-05-25,VCB,62680.0,63470.0,61590.0,63170.0,5410300
2026-05-26,VCB,62780.0,63870.0,62780.0,63870.0,5623900
2026-05-27,VCB,63870.0,63970.0,63270.0,63670.0,4185600
2026-05-28,VCB,63670.0,63670.0,62280.0,62280.0,4972400
2026-05-29,VCB,62480.0,62480.0,61290.0,61490.0,5820000
2026-06-01,VCB,61790.0,62280.0,61190.0,61690.0,2924300
2026-06-02,VCB,61790.0,62180.0,61090.0,61090.0,5063900
2026-06-03,VCB,61190.0,61980.0,60890.0,61390.0,4431300
2026-06-04,VCB,61290.0,61980.0,61190.0,61690.0,3910600
2026-06-05,VCB,61880.0,61980.0,61090.0,61190.0,4011200
2026-06-08,VCB,60690.0,61590.0,60400.0,60790.0,7352300
2026-06-09,VCB,60790.0,61190.0,60500.0,60990.0,2564800
2026-06-10,VCB,61090.0,61690.0,61090.0,61190.0,2309200
2026-06-11,VCB,60990.0,61390.0,60790.0,61090.0,2588500
2026-06-12,VCB,61390.0,61590.0,61090.0,61090.0,3152300
2026-06-15,VCB,61790.0,61880.0,61090.0,61090.0,5222300
2026-06-16,VCB,61290.0,61790.0,61090.0,61290.0,3110000
2026-06-17,VCB,61290.0,61880.0,61090.0,61690.0,6825500
2026-06-18,VCB,61790.0,61880.0,61090.0,61090.0,4650700
2026-06-19,VCB,61390.0,61390.0,60690.0,61190.0,4869000
2026-06-22,VCB,61190.0,61290.0,60690.0,60790.0,2686300
2026-06-23,VCB,61190.0,62080.0,60790.0,60790.0,5176000
2026-06-24,VCB,60890.0,61090.0,60500.0,60500.0,2542500
2026-06-25,VCB,60600.0,60790.0,60300.0,60300.0,3093500
2026-06-26,VCB,60500.0,60990.0,60300.0,60890.0,3344300
2026-06-29,VCB,61090.0,61690.0,60890.0,61490.0,5481600
2026-06-30,VCB,61690.0,62080.0,61390.0,61690.0,4622500
2026-07-01,VCB,61880.0,62480.0,61590.0,62480.0,4232900
2026-07-02,VCB,62480.0,62580.0,61590.0,61590.0,2744500
2026-07-03,VCB,61790.0,61880.0,61490.0,61490.0,2601900
2026-07-06,VCB,61490.0,61980.0,60200.0,60690.0,4173100
2026-07-07,VCB,60690.0,60990.0,60400.0,60790.0,2547200
2026-07-08,VCB,60790.0,61290.0,60600.0,61090.0,2051000
2026-07-09,VCB,60790.0,60990.0,60500.0,60600.0,2209800
2026-07-10,VCB,60600.0,60990.0,60000.0,60000.0,3016400
2026-07-13,VCB,60000.0,60000.0,58310.0,58410.0,6789000
2026-07-14,VCB,58410.0,59010.0,58120.0,58710.0,2829200
2026-07-15,VCB,58710.0,58910.0,58220.0,58710.0,2633300
2026-07-16,VCB,58610.0,59310.0,57920.0,58910.0,3349700
2026-07-17,VCB,58810.0,58810.0,58020.0,58020.0,1990100
2026-07-20,VCB,58310.0,58310.0,55840.0,56230.0,8536800
2026-07-21,VCB,56230.0,56730.0,56130.0,56230.0,3413200
2026-07-22,VCB,56330.0,56630.0,54050.0,54050.0,9173400
2026-07-23,VCB,54100.0,54900.0,52600.0,54000.0,7435600
2026-07-24,VCB,54000.0,55300.0,53200.0,54100.0,2503700
2026-07-27,VCB,54500.0,54800.0,53500.0,54000.0,2581300
2026-07-28,VCB,53700.0,54600.0,53300.0,54100.0,2607000
2026-07-29,VCB,54200.0,54700.0,54000.0,54600.0,2072300
2026-07-30,VCB,55000.0,56700.0,54700.0,56500.0,5427800
2026-07-31,VCB,57700.0,60400.0,57300.0,59300.0,18314600
2026-08-03,VCB,59600.0,61000.0,59300.0,60800.0,7642500
2026-08-04,VCB,60900.0,60900.0,59600.0,60000.0,5093100
2026-08-05,VCB,60200.0,60600.0,59200.0,59300.0,3663100
2026-08-06,VCB,59500.0,59500.0,58500.0,59000.0,2962800
2026-08-07,VCB,58700.0,60800.0,58700.0,59700.0,6522200
2026-08-10,VCB,60300.0,60500.0,59800.0,60300.0,2714200
2026-08-11,VCB,60500.0,60800.0,59600.0,59800.0,4065600
2026-08-12,VCB,59900.0,60300.0,59600.0,59700.0,2384500
2026-08-13,VCB,59900.0,60500.0,59100.0,59500.0,4579700
2026-08-14,VCB,59500.0,59600.0,58500.0,58500.0,4805500
2026-08-17,VCB,58300.0,58900.0,58200.0,58200.0,2745300
2026-08-18,VCB,58200.0,59000.0,57700.0,58000.0,2888000
2026-08-19,VCB,58000.0,58200.0,57200.0,57400.0,3770600
2026-08-20,VCB,57800.0,58100.0,57300.0,57800.0,3006600
2026-08-21,VCB,57800.0,59100.0,57500.0,59100.0,4695200
2026-08-24,VCB,60200.0,60500.0,59200.0,59200.0,4773600
2026-08-25,VCB,59300.0,60200.0,59200.0,59400.0,5577200
2026-08-26,VCB,59200.0,60300.0,59200.0,60300.0,7177300
2026-08-27,VCB,60500.0,61400.0,60000.0,60100.0,4904300
2026-08-28,VCB,60200.0,60500.0,59800.0,60100.0,3386900
2026-09-03,VCB,59600.0,59800.0,58700.0,58700.0,8465900
2026-09-04,VCB,58900.0,59300.0,58600.0,58900.0,4309500
2026-09-07,VCB,59000.0,59100.0,58000.0,58000.0,4761600
2026-09-08,VCB,58000.0,58300.0,57900.0,58100.0,2867600
2026-09-09,VCB,58400.0,59300.0,58200.0,58700.0,5324200
2026-09-10,VCB,58700.0,59400.0,58500.0,59000.0,3066000
2026-09-11,VCB,58900.0,59000.0,58200.0,58200.0,4365200
2026-09-14,VCB,58200.0,58800.0,58000.0,58500.0,4818800
2026-09-15,VCB,58600.0,60000.0,58600.0,60000.0,9547200
2026-09-16,VCB,60100.0,60300.0,59300.0,59300.0,2880800
2026-09-17,VCB,59000.0,60000.0,58800.0,59600.0,5395900
2026-09-18,VCB,60000.0,61000.0,59800.0,59900.0,10362600
2026-09-21,VCB,60200.0,60200.0,58800.0,58900.0,5480900
2026-09-22,VCB,59100.0,59400.0,58800.0,58900.0,2571300
2026-09-23,VCB,58900.0,59200.0,58500.0,58500.0,4077100
2026-09-24,VCB,58600.0,58700.0,58100.0,58100.0,4188600
2026-09-25,VCB,58200.0,58500.0,57700.0,58000.0,4390100
2026-09-28,VCB,58000.0,58400.0,57600.0,58300.0,3824000
2026-09-29,VCB,58300.0,58400.0,57900.0,58000.0,2495400
2026-09-30,VCB,58300.0,58500.0,58000.0,58000.0,2228800
2026-10-01,VCB,58000.0,58200.0,57600.0,57600.0,3172000
2026-10-02,VCB,57600.0,57600.0,57100.0,57100.0,3512400
2026-10-05,VCB,57100.0,57400.0,56900.0,57000.0,2442100
2026-10-06,VCB,56900.0,57400.0,56000.0,57300.0,4496200
2026-10-07,VCB,57500.0,57500.0,56900.0,57200.0,1896800
2026-10-08,VCB,57000.0,57300.0,56600.0,56600.0,2272500
2021-01-04,FPT,23110.0,23350.0,22990.0,23350.0,2151300
2021-01-05,FPT,23270.0,24640.0,23190.0,24320.0,2332200
2021-01-06,FPT,24470.0,24670.0,24160.0,24200.0,1796000
2021-01-07,FPT,24280.0,24400.0,23990.0,24230.0,2150200
2021-01-08,FPT,24430.0,24700.0,24280.0,24560.0,2720400
2021-01-11,FPT,24770.0,25090.0,24560.0,25090.0,1972800
2021-01-12,FPT,25200.0,25590.0,24810.0,25520.0,2435200
2021-01-13,FPT,25550.0,26130.0,25550.0,25780.0,2612000
2021-01-14,FPT,25780.0,25990.0,25470.0,25750.0,1777500
2021-01-15,FPT,25990.0,25990.0,25750.0,25830.0,1540400
2021-01-18,FPT,25990.0,25990.0,25670.0,25710.0,1209000
2021-01-19,FPT,25590.0,25640.0,23920.0,24040.0,3505600
2021-01-20,FPT,24320.0,24700.0,23350.0,24560.0,3663800
2021-01-21,FPT,25000.0,25520.0,24560.0,25430.0,2313100
2021-01-22,FPT,25470.0,26170.0,25360.0,25950.0,2090300
2021-01-25,FPT,25910.0,26450.0,25670.0,25990.0,3111900
2021-01-26,FPT,26170.0,26170.0,25410.0,25590.0,2597500
2021-01-27,FPT,25470.0,25640.0,24400.0,24430.0,2226800
2021-01-28,FPT,23270.0,24160.0,22740.0,22740.0,5092400
2021-01-29,FPT,22870.0,24320.0,22870.0,24320.0,3211900
2021-02-01,FPT,24960.0,25360.0,24160.0,24640.0,2017400
2021-02-02,FPT,24470.0,25590.0,24430.0,25590.0,3264600
2021-02-03,FPT,26170.0,27370.0,25640.0,27150.0,4173500
2021-02-04,FPT,27210.0,28380.0,27210.0,28110.0,4398700
2021-02-05,FPT,28310.0,28460.0,27850.0,28270.0,2084900
2021-02-08,FPT,28270.0,28270.0,26990.0,27650.0,4035600
2021-02-09,FPT,27690.0,28930.0,27150.0,28930.0,4224300
2021-02-17,FPT,29580.0,30630.0,29440.0,30200.0,3139100
2021-02-18,FPT,30240.0,30360.0,29710.0,30330.0,2243100
2021-02-19,FPT,29980.0,30240.0,29470.0,29710.0,3722700
2021-02-22,FPT,29710.0,30050.0,29500.0,29780.0,2319300
2021-02-23,FPT,29580.0,29860.0,28930.0,29290.0,3369500
2021-02-24,FPT,29470.0,29670.0,29050.0,29250.0,2225200
2021-02-25,FPT,29500.0,29580.0,28900.0,29550.0,1927500
2021-02-26,FPT,29080.0,29620.0,29050.0,29550.0,1936000
2021-03-01,FPT,29780.0,30240.0,29780.0,30200.0,2078100
2021-03-02,FPT,30590.0,30590.0,29820.0,30200.0,1821700
2021-03-03,FPT,30240.0,30280.0,30030.0,30140.0,1599400
2021-03-04,FPT,30140.0,30160.0,29130.0,29440.0,2901500
2021-03-05,FPT,29290.0,29470.0,28900.0,29440.0,2507500
2021-03-08,FPT,29470.0,29670.0,29250.0,29390.0,1656600
2021-03-09,FPT,29080.0,29360.0,28900.0,29080.0,2182400
2021-03-10,FPT,29440.0,30050.0,29080.0,29580.0,2602400
2021-03-11,FPT,29670.0,29910.0,29500.0,29740.0,1477800
2021-03-12,FPT,29860.0,29910.0,29580.0,29670.0,2062800
2021-03-15,FPT,29710.0,30050.0,29500.0,29670.0,1760900
2021-03-16,FPT,29860.0,31600.0,29710.0,31400.0,5111000
2021-03-17,FPT,31600.0,31600.0,31030.0,31340.0,1603200
2021-03-18,FPT,31400.0,31400.0,31030.0,31400.0,1807500
2021-03-19,FPT,31030.0,31220.0,30790.0,30950.0,2247800
2021-03-22,FPT,30830.0,30870.0,30360.0,30520.0,2084800
2021-03-23,FPT,30450.0,31030.0,30360.0,30560.0,2201700
2021-03-24,FPT,30200.0,30590.0,29670.0,29860.0,2480100
2021-03-25,FPT,30050.0,30050.0,29670.0,29710.0,2305400
2021-03-26,FPT,29550.0,29780.0,28900.0,29500.0,2672600
2021-03-29,FPT,29670.0,30280.0,29500.0,30090.0,1997700
2021-03-30,FPT,30200.0,30240.0,29860.0,29910.0,1512500
2021-03-31,FPT,29910.0,30280.0,29710.0,30140.0,1373400
2021-04-01,FPT,30200.0,30910.0,30200.0,30910.0,2500900
2021-04-02,FPT,31180.0,31220.0,30950.0,30950.0,1950200
2021-04-05,FPT,31180.0,31220.0,30590.0,30870.0,1487000
2021-04-06,FPT,30670.0,31030.0,30670.0,30790.0,1505800
2021-04-07,FPT,30710.0,30910.0,30670.0,30870.0,1503800
2021-04-08,FPT,31120.0,31250.0,30830.0,30870.0,1609800
2021-04-09,FPT,30980.0,32189.999999999996,30980.0,31840.0,3970400
2021-04-12,FPT,31950.0,31950.0,31600.0,31840.0,2022500
2021-04-13,FPT,31800.0,31880.0,31220.0,31300.0,2038100
2021-04-14,FPT,31030.0,31400.0,30830.0,31400.0,2530600
2021-04-15,FPT,31400.0,31560.0,30950.0,31030.0,2096200
2021-04-16,FPT,30950.0,31480.0,30560.0,30910.0,2194600
2021-04-19,FPT,31030.0,31600.0,30830.0,31600.0,2380800
2021-04-20,FPT,31720.0,32930.0,31640.0,32150.0,4742800
2021-04-22,FPT,31800.0,32540.0,31030.0,31030.0,2271200
2021-04-23,FPT,31030.0,32189.999999999996,30910.0,32189.999999999996,3166400
2021-04-26,FPT,31990.0,32100.0,31220.0,31400.0,2551300
2021-04-27,FPT,31180.0,31560.0,31070.0,31300.0,1287100
2021-04-28,FPT,31070.0,31520.0,31070.0,31340.0,1366700
2021-04-29,FPT,31340.0,31720.0,31340.0,31370.0,2095500
2021-05-04,FPT,31030.0,32369.999999999996,31030.0,32150.0,2362100
2021-05-05,FPT,32770.0,32770.0,32060.000000000004,32150.0,2321300
2021-05-06,FPT,32189.999999999996,32369.999999999996,31880.0,32060.000000000004,1969000
2021-05-07,FPT,32060.000000000004,32570.0,31920.0,32189.999999999996,2705900
2021-05-10,FPT,32229.999999999996,33350.0,32189.999999999996,33280.0,4504300
2021-05-11,FPT,33350.0,33570.0,33050.0,33050.0,2078700
2021-05-12,FPT,32950.0,33120.0,32689.999999999996,33120.0,1844500
2021-05-13,FPT,32950.0,33120.0,32570.0,32570.0,2558300
2021-05-14,FPT,32689.999999999996,33420.0,32619.999999999996,32880.0,1858700
2021-05-17,FPT,33280.0,33570.0,33050.0,33240.0,1744500
2021-05-18,FPT,33500.0,33890.0,33420.0,33750.0,2133500
2021-05-19,FPT,33940.0,35320.0,33660.0,35210.0,2876300
2021-05-20,FPT,35210.0,37030.0,35050.0,37030.0,3523900
2021-05-21,FPT,36580.0,37460.0,36060.0,36370.0,3222700
2021-05-24,FPT,36370.0,36420.0,35710.0,36250.0,2669500
2021-05-25,FPT,36250.0,36910.0,35980.0,36370.0,2156300
2021-05-26,FPT,36550.0,37030.0,36340.0,36950.0,1992800
2021-05-27,FPT,36950.0,36990.0,36250.0,36370.0,1745800
2021-05-28,FPT,36460.0,36830.0,36340.0,36750.0,1874300
2021-05-31,FPT,37030.0,38000.0,36720.0,37950.0,3237700
2021-06-01,FPT,39580.0,39860.0,39180.0,39230.0,3495000
2021-06-02,FPT,39230.0,39400.0,38290.0,38500.0,3053900
2021-06-03,FPT,38290.0,38450.0,37950.0,38360.0,3190800
2021-06-04,FPT,38290.0,38340.0,37750.0,38140.0,3820600
2021-06-07,FPT,38090.0,38140.0,36480.0,37250.0,3711200
2021-06-08,FPT,36930.0,37380.0,36300.0,36400.0,3486000
2021-06-09,FPT,36300.0,36970.0,35590.0,36770.0,3576100
2021-06-10,FPT,36770.0,37160.0,36480.0,36880.0,2214900
2021-06-11,FPT,36700.0,37780.0,36630.0,37600.0,2359600
2021-06-14,FPT,37600.0,38090.0,37380.0,37750.0,2547600
2021-06-15,FPT,37750.0,38050.0,37460.0,37460.0,1778700
2021-06-16,FPT,37460.0,38090.0,37250.0,37430.0,2462000
2021-06-17,FPT,36970.0,37430.0,36970.0,37200.0,2236400
2021-06-18,FPT,37430.0,37920.0,37250.0,37750.0,1681700
2021-06-21,FPT,37650.0,38860.0,37460.0,38550.0,3878300
2021-06-22,FPT,38770.0,39010.0,38450.0,38450.0,1760300
2021-06-23,FPT,38420.0,38550.0,37870.0,38250.0,1599900
2021-06-24,FPT,37950.0,38250.0,37780.0,38140.0,1657800
2021-06-25,FPT,38140.0,38450.0,37920.0,38360.0,1503400
2021-06-28,FPT,38770.0,38770.0,38450.0,38600.0,1858800
2021-06-29,FPT,39010.0,40080.0,38860.0,39920.0,4897800
2021-06-30,FPT,40080.0,40110.0,39630.0,39630.0,1651100
2021-07-01,FPT,39670.0,40050.0,39630.0,40050.0,1700100
2021-07-02,FPT,40200.0,41660.0,40050.0,41380.0,3873500
2021-07-05,FPT,42780.0,42780.0,40980.0,41750.0,2934200
2021-07-06,FPT,41660.0,41890.0,39180.0,39180.0,1967400
2021-07-07,FPT,39180.0,40980.0,38290.0,40750.0,4910200
2021-07-08,FPT,40710.0,40750.0,40080.0,40450.0,2375400
2021-07-09,FPT,40350.0,41430.0,40010.0,40400.0,2947000
2021-07-12,FPT,40010.0,40400.0,37650.0,38770.0,6764400
2021-07-13,FPT,39140.0,39310.0,38290.0,39180.0,2207400
2021-07-14,FPT,39450.0,39450.0,38140.0,38360.0,2433500
2021-07-15,FPT,38140.0,39010.0,38140.0,38450.0,2714600
2021-07-16,FPT,38680.0,39630.0,38500.0,39090.0,2285700
2021-07-19,FPT,38360.0,38910.0,38050.0,38140.0,3288800
2021-07-20,FPT,38190.0,39090.0,37780.0,39090.0,2553700
2021-07-21,FPT,39090.0,39580.0,38770.0,39010.0,3368900
2021-07-22,FPT,38820.0,40350.0,38820.0,40250.0,4445600
2021-07-23,FPT,40250.0,41840.0,39960.0,40750.0,6693400
2021-07-26,FPT,40670.0,42280.0,40620.0,42200.0,5772500
2021-07-27,FPT,42520.0,42750.0,41660.0,41960.0,5007000
2021-07-28,FPT,41800.0,42200.0,41280.0,41430.0,3346700
2021-07-29,FPT,41430.0,42280.0,41280.0,42060.0,3712900
2021-07-30,FPT,42100.0,42690.0,41800.0,42340.0,4525900
2021-08-02,FPT,42340.0,43500.0,42340.0,43050.0,4228500
2021-08-03,FPT,43150.0,43240.0,42650.0,43150.0,3607200
2021-08-04,FPT,43200.0,43330.0,42750.0,43050.0,2818400
2021-08-05,FPT,42870.0,43690.0,42750.0,43500.0,2485600
2021-08-06,FPT,43580.0,43760.0,43150.0,43500.0,3413900
2021-08-09,FPT,43690.0,44000.0,43200.0,43900.0,2934500
2021-08-10,FPT,44280.0,44330.0,43950.0,44050.0,2680700
2021-08-11,FPT,44000.0,44050.0,43280.0,43280.0,4883200
2021-08-12,FPT,43150.0,43240.0,42060.0,42240.0,8399400
2021-08-13,FPT,41930.0,42780.0,41890.0,42780.0,3618700
2021-08-16,FPT,43240.0,43340.0,42950.0,43050.0,1906800
2021-08-17,FPT,42830.0,43050.0,42560.0,42690.0,2801700
2021-08-18,FPT,42690.0,43200.0,42690.0,42780.0,1951000
2021-08-19,FPT,43240.0,43240.0,42690.0,43000.0,2721600
2021-08-20,FPT,43000.0,43100.0,41460.0,42230.0,4349300
2021-08-23,FPT,42090.0,42090.0,41410.0,41410.0,3436600
2021-08-24,FPT,41650.0,41870.0,40930.0,41830.0,3081500
2021-08-25,FPT,42050.0,42050.0,41410.0,41830.0,1344000
2021-08-26,FPT,41870.0,42270.0,41510.0,41600.0,1758700
2021-08-27,FPT,41410.0,41870.0,41240.0,41870.0,1896200
2021-08-30,FPT,42340.0,42340.0,41910.0,41950.0,1494800
2021-08-31,FPT,42000.0,42430.0,41870.0,42050.0,1952500
2021-09-01,FPT,41910.0,42340.0,41910.0,42050.0,1353300
2021-09-06,FPT,42050.0,43200.0,42000.0,43200.0,3124600
2021-09-07,FPT,43380.0,43380.0,42560.0,42560.0,2290600
2021-09-08,FPT,42560.0,42870.0,42230.0,42370.0,1453800
2021-09-09,FPT,42370.0,42750.0,42230.0,42430.0,1393700
2021-09-10,FPT,42520.0,42950.0,42520.0,42560.0,1440100
2021-09-13,FPT,42600.0,42780.0,42270.0,42340.0,1600000
2021-09-14,FPT,42460.0,43100.0,42340.0,42690.0,2523200
2021-09-15,FPT,42690.0,42950.0,42460.0,42830.0,1690100
2021-09-16,FPT,42950.0,43240.0,42870.0,43100.0,1924700
2021-09-17,FPT,43460.0,44150.0,43420.0,43550.0,3325700
2021-09-20,FPT,43690.0,43780.0,42830.0,42950.0,2526100
2021-09-21,FPT,42520.0,42780.0,42090.0,42560.0,2697100
2021-09-22,FPT,42430.0,42520.0,42190.0,42430.0,2027200
2021-09-23,FPT,42430.0,42690.0,42340.0,42370.0,1394200
2021-09-24,FPT,42430.0,42430.0,42190.0,42190.0,1449000
2021-09-27,FPT,42270.0,42560.0,41910.0,41910.0,1546100
2021-09-28,FPT,41750.0,42340.0,41650.0,42340.0,1393500
2021-09-29,FPT,42340.0,42520.0,42000.0,42430.0,1177400
2021-09-30,FPT,42560.0,42750.0,42340.0,42340.0,996900
2021-10-01,FPT,42270.0,42370.0,42090.0,42270.0,1055400
2021-10-04,FPT,42340.0,43340.0,42050.0,43050.0,2277800
2021-10-05,FPT,43240.0,43690.0,42950.0,42950.0,1392800
2021-10-06,FPT,43000.0,43100.0,42650.0,42950.0,1571100
2021-10-07,FPT,43200.0,43240.0,42830.0,42920.0,1497000
2021-10-08,FPT,43240.0,45280.0,42950.0,45020.0,8305600
2021-10-11,FPT,45060.0,45210.0,44730.0,45170.0,2295500
2021-10-12,FPT,45170.0,45170.0,44830.0,45060.0,1125300
2021-10-13,FPT,45060.0,46200.0,44830.0,45240.0,3232500
2021-10-14,FPT,45240.0,45520.0,44770.0,44970.0,1824200
2021-10-15,FPT,45240.0,45550.0,44770.0,45020.0,1702500
2021-10-18,FPT,45060.0,45520.0,44870.0,45060.0,2264100
2021-10-19,FPT,45060.0,45280.0,44870.0,44870.0,1534300
2021-10-20,FPT,44930.0,45280.0,43960.0,44410.0,2248600
2021-10-21,FPT,44770.0,44830.0,44010.0,44010.0,2283600
2021-10-22,FPT,44150.0,44350.0,43750.0,43780.0,2023200
2021-10-25,FPT,43780.0,43780.0,43200.0,43200.0,2938500
2021-10-26,FPT,43240.0,44110.0,42920.0,44110.0,1855700
2021-10-27,FPT,44050.0,44680.0,43920.0,44680.0,2326700
2021-10-28,FPT,44680.0,44770.0,44250.0,44600.0,1644700
2021-10-29,FPT,44600.0,44600.0,44110.0,44110.0,2382700
2021-11-01,FPT,44350.0,44350.0,43510.0,43600.0,2855800
2021-11-02,FPT,43460.0,44150.0,43460.0,43750.0,2109100
2021-11-03,FPT,43780.0,44010.0,43340.0,43750.0,2680100
2021-11-04,FPT,43750.0,44050.0,43550.0,43690.0,1761300
2021-11-05,FPT,43780.0,44520.0,43690.0,44410.0,2169900
2021-11-08,FPT,44410.0,44830.0,44300.0,44350.0,1687900
2021-11-09,FPT,44380.0,44410.0,43690.0,43870.0,1845900
2021-11-10,FPT,43870.0,44150.0,43650.0,44150.0,1592400
2021-11-11,FPT,44150.0,44600.0,43600.0,43690.0,2122200
2021-11-12,FPT,43780.0,44680.0,43650.0,44600.0,2240300
2021-11-15,FPT,44830.0,44830.0,44300.0,44300.0,1908900
2021-11-16,FPT,44300.0,45280.0,44050.0,44730.0,3506200
2021-11-17,FPT,44730.0,44770.0,44600.0,44730.0,1186200
2021-11-18,FPT,44730.0,44930.0,43920.0,43920.0,2004700
2021-11-19,FPT,44380.0,44520.0,43290.0,43380.0,2481300
2021-11-22,FPT,43460.0,43690.0,43240.0,43240.0,1670100
2021-11-23,FPT,43240.0,43960.0,43200.0,43960.0,1150800
2021-11-24,FPT,44010.0,44770.0,43870.0,44550.0,2445600
2021-11-25,FPT,44830.0,46330.0,44730.0,45520.0,5487400
2021-11-26,FPT,45550.0,45880.0,44970.0,45020.0,1996200
2021-11-29,FPT,44380.0,45020.0,44380.0,44640.0,1993000
2021-11-30,FPT,44640.0,44830.0,44150.0,44200.0,2563100
2021-12-01,FPT,44380.0,44870.0,44010.0,44680.0,1254900
2021-12-02,FPT,44410.0,44730.0,44250.0,44250.0,952900
2021-12-03,FPT,44520.0,44520.0,43460.0,43460.0,2009700
2021-12-06,FPT,43460.0,43920.0,42870.0,43000.0,2393800
2021-12-07,FPT,43240.0,43690.0,43000.0,43690.0,1451000
2021-12-08,FPT,43920.0,43920.0,43240.0,43510.0,1064800
2021-12-09,FPT,43290.0,44150.0,43290.0,44150.0,993100
2021-12-10,FPT,43870.0,44150.0,43420.0,43600.0,1160000
2021-12-13,FPT,43920.0,43920.0,43510.0,43690.0,900200
2021-12-14,FPT,43690.0,43870.0,43420.0,43550.0,1144500
2021-12-15,FPT,43550.0,43830.0,43510.0,43650.0,808400
2021-12-16,FPT,44380.0,44380.0,43460.0,43460.0,1245000
2021-12-17,FPT,43510.0,44150.0,43460.0,43870.0,1152100
2021-12-20,FPT,43920.0,43920.0,43460.0,43600.0,1019800
2021-12-21,FPT,43550.0,43650.0,43290.0,43340.0,1112300
2021-12-22,FPT,43240.0,43420.0,43050.0,43240.0,1670500
2021-12-23,FPT,43240.0,43240.0,42340.0,42430.0,1930300
2021-12-24,FPT,42560.0,43000.0,42230.0,42690.0,1186700
2021-12-27,FPT,42870.0,43240.0,42460.0,43000.0,793700
2021-12-28,FPT,43000.0,43200.0,42830.0,43000.0,567300
2021-12-29,FPT,43150.0,43150.0,42600.0,42600.0,912200
2021-12-30,FPT,42650.0,42920.0,42560.0,42600.0,810800
2021-12-31,FPT,42690.0,42950.0,42340.0,42340.0,1607400
2022-01-04,FPT,42520.0,42870.0,42460.0,42560.0,1935000
2022-01-05,FPT,42650.0,42870.0,42560.0,42600.0,1193800
2022-01-06,FPT,42600.0,42780.0,42560.0,42560.0,1192400
2022-01-07,FPT,42370.0,42650.0,42370.0,42520.0,1016800
2022-01-10,FPT,42430.0,42560.0,41830.0,41910.0,1640800
2022-01-11,FPT,41870.0,41950.0,40550.0,40740.0,2509300
2022-01-12,FPT,40550.0,41240.0,40270.0,40790.0,1740700
2022-01-13,FPT,41360.0,42190.0,40880.0,41910.0,1811800
2022-01-14,FPT,41750.0,41910.0,41360.0,41560.0,686700
2022-01-17,FPT,41190.0,41560.0,40510.0,40510.0,1568400
2022-01-18,FPT,40170.0,40790.0,40050.0,40090.0,1209900
2022-01-19,FPT,40090.0,40600.0,40050.0,40170.0,744900
2022-01-20,FPT,40230.0,41410.0,40170.0,40420.0,1334600
2022-01-21,FPT,40510.0,40880.0,40140.0,40140.0,841200
2022-01-24,FPT,40140.0,40270.0,38680.0,38830.0,2024200
2022-01-25,FPT,38770.0,39840.0,38240.0,39360.0,1192600
2022-01-26,FPT,39590.0,39590.0,38920.0,39150.0,913600
2022-01-27,FPT,39150.0,39450.0,38870.0,39090.0,719600
2022-01-28,FPT,39150.0,40740.0,39090.0,40740.0,1552300
2022-02-07,FPT,40970.0,41010.0,40510.0,40740.0,518400
2022-02-08,FPT,40740.0,41800.0,40740.0,41240.0,845100
2022-02-09,FPT,41750.0,41750.0,41240.0,41260.0,1142700
2022-02-10,FPT,41600.0,41870.0,41050.0,41870.0,974900
2022-02-11,FPT,41800.0,42050.0,41600.0,41700.0,641600
2022-02-14,FPT,41410.0,41700.0,41150.0,41410.0,774100
2022-02-15,FPT,41410.0,41750.0,41190.0,41460.0,655400
2022-02-16,FPT,41750.0,42090.0,41560.0,41560.0,614200
2022-02-17,FPT,41830.0,42230.0,41410.0,42230.0,853700
2022-02-18,FPT,42000.0,42090.0,41750.0,41950.0,618800
2022-02-21,FPT,41950.0,42780.0,41870.0,42560.0,1386000
2022-02-22,FPT,42340.0,42460.0,41870.0,42270.0,1158200
2022-02-23,FPT,42150.0,42750.0,42150.0,42340.0,973800
2022-02-24,FPT,42340.0,42560.0,40970.0,41870.0,1349600
2022-02-25,FPT,42050.0,42520.0,41910.0,42000.0,1059900
2022-02-28,FPT,42000.0,42560.0,42000.0,42460.0,1504600
2022-03-01,FPT,42780.0,42780.0,42090.0,42520.0,1101900
2022-03-02,FPT,42340.0,42520.0,42190.0,42370.0,1088900
2022-03-03,FPT,42430.0,42780.0,42430.0,42520.0,957600
2022-03-04,FPT,42460.0,42690.0,42340.0,42560.0,1343800
2022-03-07,FPT,42370.0,42750.0,41950.0,42690.0,1687800
2022-03-08,FPT,42690.0,43420.0,42150.0,43150.0,2227500
2022-03-09,FPT,43050.0,43920.0,43050.0,43460.0,2204000
2022-03-10,FPT,43830.0,43830.0,43050.0,43050.0,778700
2022-03-11,FPT,43000.0,43050.0,42190.0,42430.0,1139000
2022-03-14,FPT,42340.0,42340.0,41190.0,41800.0,1943000
2022-03-15,FPT,41800.0,41800.0,40880.0,41410.0,1872000
2022-03-16,FPT,41460.0,42000.0,41190.0,41700.0,1139600
2022-03-17,FPT,41800.0,42190.0,41650.0,42190.0,1046000
2022-03-18,FPT,42340.0,43960.0,42340.0,43290.0,2815100
2022-03-21,FPT,43340.0,43690.0,43240.0,43380.0,1560700
2022-03-22,FPT,43690.0,44150.0,43420.0,43870.0,2079200
2022-03-23,FPT,43920.0,44380.0,43690.0,43920.0,1975800
2022-03-24,FPT,43690.0,44250.0,43380.0,43690.0,1823700
2022-03-25,FPT,43750.0,43920.0,43510.0,43550.0,1228100
2022-03-28,FPT,43460.0,44930.0,43340.0,44640.0,3501600
2022-03-29,FPT,44870.0,47750.0,44870.0,47750.0,8154300
2022-03-30,FPT,48150.0,48830.0,47560.0,48250.0,2830700
2022-03-31,FPT,48010.0,50340.0,47610.0,48690.0,3472300
2022-04-01,FPT,48660.0,50520.0,48290.0,50520.0,4317300
2022-04-04,FPT,51660.0,51660.0,49750.0,49750.0,2687800
2022-04-05,FPT,49650.0,50790.0,49610.0,49610.0,1863900
2022-04-06,FPT,49330.0,51890.0,49330.0,51430.0,4179000
2022-04-07,FPT,51760.0,53190.0,51030.0,51560.0,3915200
2022-04-08,FPT,51560.0,51850.0,49370.0,49370.0,4069700
2022-04-12,FPT,49610.0,50750.0,48530.0,49970.0,3162100
2022-04-13,FPT,50070.0,52390.0,49970.0,52390.0,3322800
2022-04-14,FPT,52440.0,54110.0,52440.0,53060.0,3529400
2022-04-15,FPT,52390.0,53670.0,51890.0,52340.0,3121400
2022-04-18,FPT,52340.0,53970.0,51890.0,52560.0,3356100
2022-04-19,FPT,53030.0,53240.0,50970.0,50970.0,4731000
2022-04-20,FPT,50970.0,51430.0,49880.0,50970.0,3295000
2022-04-21,FPT,50600.0,52750.0,50600.0,50970.0,4068500
2022-04-22,FPT,51200.0,51850.0,48250.0,50550.0,5691600
2022-04-25,FPT,50110.0,50480.0,47060.0,47060.0,4605900
2022-04-26,FPT,45590.0,47790.0,44150.0,47470.0,5431400
2022-04-27,FPT,46250.0,47340.0,45740.0,46870.0,2529700
2022-04-28,FPT,46840.0,48610.0,46650.0,48010.0,2530400
2022-04-29,FPT,47790.0,48740.0,47420.0,47790.0,3991500
2022-05-04,FPT,47750.0,48190.0,47370.0,47560.0,1598400
2022-05-05,FPT,47610.0,48010.0,46370.0,47660.0,2194900
2022-05-06,FPT,46550.0,47340.0,45590.0,45590.0,2430900
2022-05-09,FPT,44730.0,45060.0,42780.0,42780.0,4499100
2022-05-10,FPT,42780.0,44970.0,41870.0,44770.0,2816700
2022-05-11,FPT,44600.0,46370.0,44050.0,46370.0,1667700
2022-05-12,FPT,45210.0,46370.0,43240.0,43510.0,2591500
2022-05-13,FPT,43750.0,45060.0,42370.0,42600.0,4103700
2022-05-16,FPT,44380.0,44380.0,42430.0,42430.0,1740900
2022-05-17,FPT,42340.0,45370.0,42090.0,45370.0,2045800
2022-05-18,FPT,45370.0,45550.0,44380.0,44460.0,1934400
2022-05-19,FPT,43290.0,44460.0,43290.0,44150.0,1228600
2022-05-20,FPT,44460.0,45020.0,44150.0,44380.0,1410400
2022-05-23,FPT,44680.0,44680.0,43750.0,43920.0,1136900
2022-05-24,FPT,43920.0,44680.0,43690.0,44680.0,1384700
2022-05-25,FPT,45280.0,47790.0,44930.0,47790.0,3770800
2022-05-26,FPT,47870.0,48740.0,47610.0,48050.0,1426400
2022-05-27,FPT,48050.0,50970.0,48010.0,50890.0,3878400
2022-05-30,FPT,50550.0,51150.0,49690.0,50650.0,2496900
2022-05-31,FPT,50650.0,50650.0,48930.0,50030.0,2157000
2022-06-01,FPT,50030.0,51380.0,49970.0,50890.0,2036500
2022-06-02,FPT,51330.0,52250.0,50550.0,50750.0,2292800
2022-06-03,FPT,50750.0,51890.0,50480.0,51890.0,1755900
2022-06-06,FPT,51890.0,52800.0,50970.0,51430.0,2558200
2022-06-07,FPT,51280.0,52620.0,49440.0,52620.0,3908000
2022-06-08,FPT,52950.0,53530.0,52110.0,52340.0,2660400
2022-06-09,FPT,52560.0,52750.0,51560.0,52470.0,1706300
2022-06-10,FPT,51620.0,52190.0,50070.0,50070.0,2972500
2022-06-13,FPT,48510.0,50050.0,47400.0,47510.0,3393300
2022-06-14,FPT,47400.0,49550.0,47130.0,49120.0,2308300
2022-06-15,FPT,49930.0,49930.0,48510.0,49880.0,1762600
2022-06-16,FPT,50150.0,51710.0,49720.0,50710.0,2517500
2022-06-17,FPT,49780.0,51040.0,49060.0,50710.0,2321400
2022-06-20,FPT,51540.0,52090.0,50330.0,50710.0,2483900
2022-06-21,FPT,50940.0,51540.0,49060.0,49120.0,2460200
2022-06-22,FPT,49500.0,49830.0,46520.0,46570.0,2971400
2022-06-23,FPT,46300.0,47840.0,46130.0,47130.0,2022500
2022-06-24,FPT,47450.0,48390.0,47130.0,47130.0,902400
2022-06-27,FPT,47630.0,48450.0,47350.0,47680.0,1254800
2022-06-28,FPT,49330.0,49720.0,48050.0,49450.0,2296600
2022-06-29,FPT,49010.0,49610.0,48620.0,49610.0,1182600
2022-06-30,FPT,49330.0,49550.0,47510.0,47510.0,1506500
2022-07-01,FPT,47950.0,48950.0,46750.0,48510.0,1696500
2022-07-04,FPT,48780.0,48780.0,47400.0,47790.0,1005500
2022-07-05,FPT,48390.0,48390.0,47060.0,47060.0,1395600
2022-07-06,FPT,46350.0,47350.0,46030.0,46030.0,2232400
2022-07-07,FPT,46250.0,46630.0,45800.0,45800.0,1286300
2022-07-08,FPT,46250.0,46300.0,45800.0,46080.0,910400
2022-07-11,FPT,46630.0,46630.0,45650.0,45650.0,998100
2022-07-12,FPT,45650.0,46030.0,45580.0,46030.0,602800
2022-07-13,FPT,46300.0,46300.0,45470.0,45470.0,1140700
2022-07-14,FPT,45650.0,46030.0,45300.0,45650.0,891300
2022-07-15,FPT,46300.0,46300.0,45300.0,45300.0,1382300
2022-07-18,FPT,45650.0,46570.0,45350.0,45750.0,1264900
2022-07-19,FPT,45690.0,45750.0,45300.0,45750.0,1185400
2022-07-20,FPT,46850.0,47350.0,46300.0,46800.0,2848900
2022-07-21,FPT,47350.0,47350.0,46570.0,46850.0,1804200
2022-07-22,FPT,47630.0,47680.0,46900.0,46900.0,1307200
2022-07-25,FPT,47950.0,47950.0,46900.0,47060.0,2245900
2022-07-26,FPT,47400.0,47400.0,46750.0,46750.0,1128800
2022-07-27,FPT,46630.0,46950.0,46520.0,46950.0,771100
2022-07-28,FPT,46950.0,47290.0,45800.0,46800.0,1664800
2022-07-29,FPT,46900.0,46950.0,46030.0,46030.0,1941800
2022-08-01,FPT,46300.0,46420.0,45800.0,46300.0,1815100
2022-08-02,FPT,46300.0,46800.0,46030.0,46460.0,1314800
2022-08-03,FPT,46850.0,46950.0,46420.0,46750.0,2249500
2022-08-04,FPT,46900.0,47730.0,46800.0,47450.0,3046800
2022-08-05,FPT,47450.0,48050.0,47190.0,47290.0,1773100
2022-08-08,FPT,47350.0,47630.0,47010.0,47400.0,1586800
2022-08-09,FPT,47400.0,48230.0,47240.0,47510.0,2320800
2022-08-10,FPT,47570.0,47790.0,47400.0,47400.0,1121400
2022-08-11,FPT,47510.0,47840.0,47240.0,47400.0,1852800
2022-08-12,FPT,47240.0,47680.0,47240.0,47680.0,1243100
2022-08-15,FPT,47730.0,49120.0,47730.0,49010.0,3085000
2022-08-16,FPT,49010.0,49260.0,48550.0,48890.0,1382800
2022-08-17,FPT,49060.0,49120.0,48510.0,48670.0,1506200
2022-08-18,FPT,48450.0,49450.0,48450.0,48670.0,2552900
2022-08-19,FPT,48510.0,48780.0,47510.0,47890.0,1957600
2022-08-22,FPT,47730.0,48120.0,47350.0,47840.0,1634000
2022-08-23,FPT,47450.0,47950.0,47450.0,47950.0,1085700
2022-08-24,FPT,48240.0,48400.0,48000.0,48050.0,1008000
2022-08-25,FPT,48050.0,48340.0,47950.0,48120.0,1143900
2022-08-26,FPT,48180.0,48960.0,48120.0,48620.0,1936600
2022-08-29,FPT,48510.0,48510.0,47240.0,48240.0,2228000
2022-08-30,FPT,48240.0,48510.0,47950.0,48180.0,1153200
2022-08-31,FPT,47840.0,48510.0,47840.0,48290.0,1173700
2022-09-05,FPT,48240.0,48340.0,47890.0,48050.0,1020900
2022-09-06,FPT,47950.0,48180.0,47840.0,47840.0,1171600
2022-09-07,FPT,47670.0,47890.0,46840.0,46840.0,2236400
2022-09-08,FPT,46890.0,47390.0,46720.0,47000.0,1135600
2022-09-09,FPT,47180.0,47390.0,47000.0,47000.0,1145400
2022-09-12,FPT,47000.0,47000.0,47000.0,47000.0,1145400
2022-09-13,FPT,47390.0,47560.0,47000.0,47180.0,1046400
2022-09-14,FPT,46550.0,47120.0,46550.0,46840.0,1309200
2022-09-15,FPT,47120.0,47120.0,46660.0,46660.0,780500
2022-09-16,FPT,46660.0,46780.0,46000.0,46000.0,1360100
2022-09-19,FPT,46000.0,46600.0,45660.0,46340.0,1783700
2022-09-20,FPT,46340.0,46720.0,45880.0,46510.0,575000
2022-09-21,FPT,46450.0,46450.0,45880.0,45880.0,775400
2022-09-22,FPT,45720.0,46280.0,45660.0,46230.0,1172400
2022-09-23,FPT,46340.0,46340.0,45770.0,45950.0,840600
2022-09-26,FPT,45450.0,45720.0,44760.0,45450.0,1863600
2022-09-27,FPT,45720.0,45720.0,44880.0,44880.0,932900
2022-09-28,FPT,44650.0,44820.0,43490.0,43490.0,2048400
2022-09-29,FPT,44490.0,44650.0,42930.0,42930.0,1303900
2022-09-30,FPT,42930.0,45060.0,42870.0,44880.0,2109900
2022-10-03,FPT,44390.0,44760.0,42600.0,42930.0,1245600
2022-10-04,FPT,43490.0,44050.0,43050.0,43230.0,2040000
2022-10-05,FPT,44050.0,44350.0,43720.0,43720.0,971900
2022-10-06,FPT,43990.0,43990.0,42650.0,42650.0,1266700
2022-10-07,FPT,42490.0,42490.0,41250.0,41250.0,2061000
2022-10-10,FPT,40980.0,42090.0,40200.0,41250.0,1625600
2022-10-11,FPT,41250.0,41250.0,39580.0,39580.0,1593600
2022-10-12,FPT,39580.0,40880.0,39580.0,40360.0,1463100
2022-10-13,FPT,40250.0,40700.0,39880.0,40700.0,829200
2022-10-14,FPT,41480.0,41550.0,41040.0,41250.0,844200
2022-10-17,FPT,40980.0,41210.0,40480.0,41150.0,706800
2022-10-18,FPT,41250.0,41980.0,41250.0,41770.0,879000
2022-10-19,FPT,41770.0,42490.0,41650.0,42090.0,1023700
2022-10-20,FPT,42270.0,43760.0,41980.0,43380.0,1730300
2022-10-21,FPT,43330.0,43330.0,41210.0,41210.0,1564900
2022-10-24,FPT,41210.0,41550.0,39580.0,39650.0,1426100
2022-10-25,FPT,39820.0,41550.0,39650.0,40820.0,1564600
2022-10-26,FPT,41550.0,41550.0,40550.0,41150.0,625100
2022-10-27,FPT,41310.0,42490.0,41090.0,42270.0,935900
2022-10-28,FPT,42550.0,42550.0,41650.0,41820.0,875800
2022-10-31,FPT,41820.0,42370.0,41090.0,42150.0,1084700
2022-11-01,FPT,42550.0,42820.0,41820.0,42090.0,561500
2022-11-02,FPT,41930.0,42370.0,41250.0,41250.0,978200
2022-11-03,FPT,41550.0,42220.0,41090.0,41310.0,622400
2022-11-04,FPT,41250.0,41250.0,39880.0,40650.0,1646800
2022-11-07,FPT,40480.0,41250.0,40480.0,40480.0,1572400
2022-11-08,FPT,39880.0,41210.0,39820.0,40880.0,945000
2022-11-09,FPT,40880.0,41430.0,40880.0,41250.0,697700
2022-11-10,FPT,40980.0,41090.0,38530.0,40700.0,1595200
2022-11-11,FPT,40750.0,41040.0,40140.0,40590.0,1002900
2022-11-14,FPT,40140.0,40360.0,39030.0,39480.0,1639000
2022-11-15,FPT,39030.0,39030.0,36740.0,36740.0,3114900
2022-11-16,FPT,34170.0,39030.0,34170.0,38640.0,3050400
2022-11-17,FPT,38640.0,40140.0,35960.0,39580.0,1546300
2022-11-18,FPT,39090.0,40140.0,38580.0,39880.0,1261700
2022-11-21,FPT,38750.0,40040.0,38750.0,39090.0,840500
2022-11-22,FPT,39030.0,40140.0,38530.0,39300.0,1176300
2022-11-23,FPT,39030.0,39580.0,38860.0,39300.0,465900
2022-11-24,FPT,38930.0,39580.0,38690.0,39300.0,788400
2022-11-25,FPT,39360.0,40140.0,39300.0,40140.0,1267400
2022-11-28,FPT,40360.0,41550.0,40310.0,41430.0,1146800
2022-11-29,FPT,41770.0,41770.0,40700.0,41430.0,1143800
2022-11-30,FPT,41550.0,41770.0,40980.0,41600.0,911500
2022-12-01,FPT,41870.0,42270.0,41310.0,41650.0,1776500
2022-12-02,FPT,41650.0,43330.0,41250.0,43160.0,2901400
2022-12-05,FPT,43490.0,44050.0,43160.0,43650.0,1216400
2022-12-06,FPT,43650.0,43990.0,42370.0,42370.0,1537700
2022-12-07,FPT,42330.0,42710.0,41720.0,42650.0,1029400
2022-12-08,FPT,42870.0,43930.0,42150.0,42930.0,1267300
2022-12-09,FPT,42550.0,43490.0,42490.0,43490.0,987500
2022-12-12,FPT,43270.0,43600.0,42600.0,42930.0,1213500
2022-12-13,FPT,42490.0,43100.0,41930.0,43050.0,899700
2022-12-14,FPT,43050.0,43230.0,42430.0,42550.0,1158000
2022-12-15,FPT,42600.0,43540.0,42600.0,43330.0,1170500
2022-12-16,FPT,42930.0,43490.0,42600.0,43440.0,910900
2022-12-19,FPT,43650.0,43650.0,42710.0,42710.0,1026200
2022-12-20,FPT,43050.0,43050.0,42040.0,42710.0,785800
2022-12-21,FPT,43050.0,43160.0,42220.0,43050.0,544100
2022-12-22,FPT,43050.0,43230.0,42370.0,43050.0,657800
2022-12-23,FPT,42600.0,43490.0,42490.0,43490.0,1221000
2022-12-26,FPT,43330.0,43540.0,42600.0,42600.0,832500
2022-12-27,FPT,42650.0,43230.0,42370.0,42650.0,805200
2022-12-28,FPT,42930.0,42930.0,42370.0,42760.0,589200
2022-12-29,FPT,42650.0,42930.0,42490.0,42490.0,655300
2022-12-30,FPT,42490.0,42870.0,42370.0,42870.0,628600
2023-01-03,FPT,42870.0,44600.0,42820.0,44600.0,1535200
2023-01-04,FPT,45060.0,45180.0,44220.0,44600.0,794300
2023-01-05,FPT,44710.0,45450.0,44710.0,44940.0,1012600
2023-01-06,FPT,44820.0,45220.0,44710.0,44760.0,719400
2023-01-09,FPT,44880.0,45120.0,44550.0,44760.0,518900
2023-01-10,FPT,45000.0,45330.0,44710.0,44820.0,752700
2023-01-11,FPT,44820.0,45510.0,44820.0,45120.0,1076900
2023-01-12,FPT,45180.0,45450.0,44710.0,45000.0,542500
2023-01-13,FPT,44880.0,45270.0,44600.0,44600.0,628300
2023-01-16,FPT,44650.0,45180.0,44440.0,45060.0,574500
2023-01-17,FPT,45270.0,45720.0,45180.0,45720.0,978200
2023-01-18,FPT,45770.0,46510.0,45600.0,46510.0,954600
2023-01-19,FPT,46280.0,46950.0,46230.0,46780.0,1327200
2023-01-27,FPT,46890.0,47670.0,46840.0,46840.0,1140700
2023-01-30,FPT,46950.0,47060.0,46660.0,46660.0,891000
2023-01-31,FPT,46550.0,46660.0,45550.0,46550.0,1529100
2023-02-01,FPT,46840.0,46840.0,45600.0,45720.0,1048300
2023-02-02,FPT,45770.0,45950.0,45330.0,45660.0,1325200
2023-02-03,FPT,45720.0,45720.0,44650.0,44650.0,1729000
2023-02-06,FPT,44600.0,45510.0,44440.0,44880.0,943400
2023-02-07,FPT,44880.0,45660.0,44880.0,45000.0,750800
2023-02-08,FPT,45060.0,45550.0,44940.0,45270.0,669700
2023-02-09,FPT,45180.0,45510.0,45000.0,45000.0,743000
2023-02-10,FPT,45220.0,45270.0,44880.0,45000.0,725000
2023-02-13,FPT,45000.0,45270.0,44600.0,45000.0,613200
2023-02-14,FPT,45000.0,45180.0,44710.0,45060.0,619700
2023-02-15,FPT,44880.0,45660.0,44760.0,45510.0,645200
2023-02-16,FPT,45510.0,45720.0,45000.0,45510.0,424200
2023-02-17,FPT,45270.0,45510.0,45180.0,45510.0,467600
2023-02-20,FPT,45510.0,46280.0,45390.0,46170.0,1275100
2023-02-21,FPT,46170.0,46660.0,46060.0,46170.0,840000
2023-02-22,FPT,45880.0,46000.0,45600.0,45600.0,747200
2023-02-23,FPT,45550.0,45550.0,44940.0,45390.0,1160500
2023-02-24,FPT,45220.0,45330.0,44820.0,45060.0,559200
2023-02-27,FPT,44600.0,44880.0,44550.0,44760.0,1015400
2023-02-28,FPT,44600.0,45000.0,44350.0,44880.0,524300
2023-03-01,FPT,44350.0,44880.0,43880.0,44880.0,1376400
2023-03-02,FPT,44600.0,44880.0,44490.0,44600.0,430800
2023-03-03,FPT,44220.0,44600.0,43760.0,43760.0,740800
2023-03-06,FPT,43540.0,44490.0,43540.0,43600.0,817200
2023-03-07,FPT,44110.0,44550.0,43930.0,43930.0,792000
2023-03-08,FPT,43760.0,44350.0,43760.0,44350.0,510600
2023-03-09,FPT,44350.0,45000.0,44160.0,44940.0,640300
2023-03-10,FPT,44710.0,44820.0,44050.0,44350.0,640900
2023-03-13,FPT,43540.0,44280.0,43540.0,43990.0,886500
2023-03-14,FPT,44050.0,44110.0,43760.0,43880.0,427400
2023-03-15,FPT,44110.0,44880.0,44110.0,44880.0,691800
2023-03-16,FPT,44600.0,44600.0,43720.0,44160.0,850000
2023-03-17,FPT,44390.0,44600.0,43820.0,44050.0,429400
2023-03-20,FPT,44110.0,44220.0,43270.0,43270.0,769800
2023-03-21,FPT,43820.0,43880.0,42980.0,43540.0,536200
2023-03-22,FPT,43600.0,43820.0,43270.0,43820.0,548000
2023-03-23,FPT,43720.0,43760.0,43270.0,43490.0,313700
2023-03-24,FPT,43650.0,43930.0,43490.0,43760.0,281800
2023-03-27,FPT,43990.0,44160.0,43760.0,44110.0,718500
2023-03-28,FPT,44160.0,44160.0,43230.0,44050.0,928000
2023-03-29,FPT,44160.0,44220.0,43820.0,43990.0,369400
2023-03-30,FPT,44050.0,44220.0,43930.0,44110.0,337000
2023-03-31,FPT,44110.0,44350.0,44050.0,44160.0,564900
2023-04-03,FPT,44280.0,44880.0,44110.0,44880.0,1075300
2023-04-04,FPT,45120.0,45180.0,44600.0,44600.0,528100
2023-04-05,FPT,44880.0,44880.0,44440.0,44820.0,373700
2023-04-06,FPT,45000.0,45450.0,44760.0,44880.0,571400
2023-04-07,FPT,44710.0,45000.0,44600.0,44650.0,237400
2023-04-10,FPT,45180.0,45180.0,44650.0,44760.0,726000
2023-04-11,FPT,44710.0,44880.0,44650.0,44650.0,512800
2023-04-12,FPT,44760.0,44880.0,44550.0,44600.0,549900
2023-04-13,FPT,44760.0,44820.0,44220.0,44390.0,488300
2023-04-14,FPT,44550.0,44650.0,44220.0,44280.0,347000
2023-04-17,FPT,44390.0,44440.0,44050.0,44110.0,400700
2023-04-18,FPT,44390.0,44600.0,44160.0,44390.0,260800
2023-04-19,FPT,44490.0,44490.0,44220.0,44220.0,372400
2023-04-20,FPT,44490.0,44490.0,44160.0,44280.0,330600
2023-04-21,FPT,44600.0,44600.0,44220.0,44280.0,248000
2023-04-24,FPT,44350.0,44940.0,44050.0,44160.0,781900
2023-04-25,FPT,44110.0,44220.0,43650.0,43820.0,480500
2023-04-26,FPT,43540.0,43720.0,43270.0,43440.0,706100
2023-04-27,FPT,43540.0,43930.0,43540.0,43650.0,206900
2023-04-28,FPT,43930.0,43930.0,43600.0,43650.0,540200
2023-05-04,FPT,43380.0,43880.0,43270.0,43600.0,461000
2023-05-05,FPT,43820.0,43820.0,43600.0,43650.0,297500
2023-05-08,FPT,43760.0,43990.0,43720.0,43820.0,308400
2023-05-09,FPT,43820.0,44490.0,43820.0,43990.0,573800
2023-05-10,FPT,44050.0,44390.0,44050.0,44110.0,518900
2023-05-11,FPT,44110.0,44390.0,44050.0,44050.0,442500
2023-05-12,FPT,44220.0,44940.0,43930.0,44880.0,869300
2023-05-15,FPT,45390.0,45600.0,45120.0,45120.0,899900
2023-05-16,FPT,45180.0,45550.0,45060.0,45450.0,766500
2023-05-17,FPT,45660.0,46120.0,45220.0,45330.0,946100
2023-05-18,FPT,45600.0,46280.0,45390.0,46230.0,1373800
2023-05-19,FPT,46280.0,46450.0,45600.0,46170.0,979100
2023-05-22,FPT,46170.0,46170.0,45720.0,46000.0,530200
2023-05-23,FPT,46000.0,46000.0,45390.0,45450.0,599900
2023-05-24,FPT,45720.0,45770.0,45220.0,45330.0,464300
2023-05-25,FPT,45270.0,46510.0,45180.0,46400.0,1341300
2023-05-26,FPT,46340.0,46510.0,45880.0,46340.0,864400
2023-05-29,FPT,46550.0,46660.0,46230.0,46340.0,879600
2023-05-30,FPT,46280.0,47350.0,46230.0,46840.0,1659100
2023-05-31,FPT,46950.0,46950.0,46340.0,46890.0,839400
2023-06-01,FPT,46840.0,46840.0,46340.0,46550.0,537300
2023-06-02,FPT,46550.0,47000.0,46340.0,46720.0,735900
2023-06-05,FPT,46780.0,47510.0,46720.0,47390.0,1425500
2023-06-06,FPT,47560.0,47560.0,47240.0,47560.0,514000
2023-06-07,FPT,47390.0,47620.0,47000.0,47390.0,705800
2023-06-08,FPT,47240.0,47350.0,46550.0,46600.0,1244500
2023-06-09,FPT,47000.0,47240.0,46660.0,47180.0,680200
2023-06-12,FPT,47120.0,47350.0,46600.0,47350.0,519700
2023-06-13,FPT,47060.0,47350.0,47000.0,47060.0,466800
2023-06-14,FPT,47000.0,47280.0,46890.0,46950.0,658600
2023-06-15,FPT,46950.0,47060.0,46600.0,46890.0,798600
2023-06-16,FPT,46890.0,48050.0,46510.0,47120.0,2231500
2023-06-19,FPT,47240.0,47670.0,47120.0,47240.0,663200
2023-06-20,FPT,47390.0,47840.0,47240.0,47670.0,944500
2023-06-21,FPT,47670.0,48180.0,47620.0,47840.0,705800
2023-06-22,FPT,48000.0,48240.0,47240.0,47670.0,1019700
2023-06-23,FPT,47730.0,47730.0,47280.0,47450.0,822000
2023-06-26,FPT,47450.0,47840.0,47180.0,47840.0,859400
2023-06-27,FPT,47950.0,48680.0,47950.0,48680.0,1540400
2023-06-28,FPT,48730.0,48960.0,48510.0,48510.0,964900
2023-06-29,FPT,48510.0,48560.0,48240.0,48240.0,562400
2023-06-30,FPT,48240.0,48290.0,47950.0,47950.0,733500
2023-07-03,FPT,48240.0,48400.0,47950.0,48180.0,1039600
2023-07-04,FPT,48180.0,48510.0,48050.0,48510.0,1328100
2023-07-05,FPT,48720.0,49630.0,48530.0,48530.0,1787300
2023-07-06,FPT,48530.0,48780.0,48000.0,48390.0,1517000
2023-07-07,FPT,48130.0,48970.0,48130.0,48840.0,896300
2023-07-10,FPT,48840.0,49230.0,48580.0,48840.0,1154300
2023-07-11,FPT,48840.0,48910.0,48650.0,48650.0,1091300
2023-07-12,FPT,48650.0,49110.0,48580.0,48840.0,904900
2023-07-13,FPT,49170.0,49170.0,48910.0,49170.0,1252400
2023-07-14,FPT,49880.0,50790.0,49360.0,50790.0,2822800
2023-07-17,FPT,51250.0,51360.0,50930.0,51250.0,1153300
2023-07-18,FPT,51250.0,51250.0,50660.0,51050.0,718300
2023-07-19,FPT,50930.0,51170.0,50790.0,50930.0,708600
2023-07-20,FPT,50980.0,52750.0,50930.0,52090.0,2294300
2023-07-21,FPT,51710.0,52540.0,51640.0,52540.0,1273600
2023-07-24,FPT,52540.0,52750.0,52280.0,52540.0,1172700
2023-07-25,FPT,52540.0,53320.0,52540.0,52750.0,1056900
2023-07-26,FPT,52670.0,53650.0,52610.0,53650.0,1270800
2023-07-27,FPT,53710.0,54740.0,53710.0,54290.0,1417700
2023-07-28,FPT,54160.0,54740.0,53900.0,54740.0,898400
2023-07-31,FPT,54940.0,55650.0,54740.0,55530.0,1471500
2023-08-01,FPT,55530.0,55980.0,54810.0,54810.0,1287300
2023-08-02,FPT,54810.0,55010.0,54160.0,54160.0,996300
2023-08-03,FPT,54350.0,54620.0,53780.0,54290.0,907900
2023-08-04,FPT,54490.0,54810.0,54040.0,54040.0,1618900
2023-08-07,FPT,54230.0,54810.0,54040.0,54810.0,752500
2023-08-08,FPT,54490.0,54870.0,54350.0,54620.0,636000
2023-08-09,FPT,54490.0,54940.0,53840.0,53900.0,982700
2023-08-10,FPT,53900.0,54040.0,53320.0,53320.0,1343300
2023-08-11,FPT,53180.0,53840.0,52870.0,53180.0,1142900
2023-08-14,FPT,53250.0,53960.0,53180.0,53590.0,1014100
2023-08-15,FPT,53590.0,54690.0,52870.0,54490.0,1675600
2023-08-16,FPT,53960.0,55270.0,53960.0,55210.0,2595400
2023-08-17,FPT,55140.0,56550.0,55140.0,55780.0,3693800
2023-08-18,FPT,55530.0,57020.0,54690.0,55470.0,4243700
2023-08-21,FPT,55720.0,56250.0,55470.0,55720.0,2452800
2023-08-22,FPT,55980.0,56120.0,53840.0,56120.0,2330300
2023-08-23,FPT,56050.0,56320.0,54940.0,56120.0,1418500
2023-08-24,FPT,56120.0,59120.0,55840.0,59070.0,5251600
2023-08-25,FPT,58730.0,59730.0,58470.0,59450.0,2791400
2023-08-28,FPT,60380.0,61880.0,59730.0,61690.0,2950700
2023-08-29,FPT,61690.0,61690.0,60900.0,61440.0,1547400
2023-08-30,FPT,61150.0,64450.0,61080.0,63390.0,2360700
2023-08-31,FPT,63390.0,63990.0,63050.0,63450.0,1403700
2023-09-05,FPT,63720.0,64769.99999999999,63530.0,63530.0,1439600
2023-09-06,FPT,63720.0,64980.00000000001,63200.0,64980.00000000001,2491000
2023-09-07,FPT,64980.00000000001,66150.0,64050.0,64250.0,3249600
2023-09-08,FPT,63990.0,64640.0,63650.0,64050.0,2115600
2023-09-11,FPT,64769.99999999999,65290.00000000001,62540.0,63930.0,5149800
2023-09-12,FPT,63930.0,64910.0,63930.0,64910.0,2680700
2023-09-13,FPT,64910.0,64980.00000000001,63930.0,64319.99999999999,2889300
2023-09-14,FPT,64319.99999999999,64319.99999999999,62680.0,62940.0,2319700
2023-09-15,FPT,63010.0,64180.00000000001,62540.0,63990.0,2134800
2023-09-18,FPT,63600.0,63600.0,62810.0,63600.0,2026900
2023-09-19,FPT,63530.0,64569.99999999999,62940.0,64569.99999999999,3583600
2023-09-20,FPT,64849.99999999999,65420.0,64640.0,64640.0,2444800
2023-09-21,FPT,64640.0,64910.0,63200.0,63530.0,3419000
2023-09-22,FPT,62410.0,63650.0,60770.0,63450.0,6861000
2023-09-25,FPT,63650.0,64050.0,61880.0,61880.0,2097100
2023-09-26,FPT,61810.0,62680.0,61080.0,61360.0,2154100
2023-09-27,FPT,61620.0,61880.0,59320.0,61880.0,4510400
2023-09-28,FPT,61750.0,61880.0,59980.0,61690.0,1764400
2023-09-29,FPT,61690.0,62280.0,60900.0,60900.0,1635300
2023-10-02,FPT,61290.0,61570.0,60380.0,61150.0,1137500
2023-10-03,FPT,60510.0,61360.0,60040.0,60510.0,2006900
2023-10-04,FPT,59910.0,61290.0,59910.0,60720.0,1591700
2023-10-05,FPT,60900.0,61230.0,60110.0,60110.0,1369100
2023-10-06,FPT,60040.0,60900.0,59730.0,60850.0,1147700
2023-10-09,FPT,60650.0,62740.0,60510.0,62740.0,3657000
2023-10-10,FPT,63340.0,63780.0,62610.0,63200.0,3255500
2023-10-11,FPT,62940.0,64319.99999999999,62940.0,63650.0,2358200
2023-10-12,FPT,63650.0,64180.00000000001,63010.0,63260.0,1881200
2023-10-13,FPT,63010.0,63200.0,62540.0,63050.0,2362100
2023-10-16,FPT,63530.0,64910.0,63200.0,63530.0,4974600
2023-10-17,FPT,64180.00000000001,64180.00000000001,61080.0,61080.0,2420100
2023-10-18,FPT,62280.0,62280.0,59730.0,61040.0,6142800
2023-10-19,FPT,61690.0,61880.0,60380.0,60380.0,3029400
2023-10-20,FPT,60720.0,61040.0,59120.0,60960.0,2863200
2023-10-23,FPT,61570.0,61570.0,59600.0,59730.0,1971700
2023-10-24,FPT,60650.0,60650.0,59600.0,60380.0,1612400
2023-10-25,FPT,60250.0,60850.0,59660.0,59660.0,1836500
2023-10-26,FPT,57950.0,59010.0,56440.0,56960.0,5909500
2023-10-27,FPT,57420.0,57750.0,56630.0,57100.0,2034800
2023-10-30,FPT,57100.0,57160.0,55770.0,55770.0,1869500
2023-10-31,FPT,55840.0,55980.0,54460.0,54460.0,3087200
2023-11-01,FPT,55330.0,56050.0,54220.0,56050.0,2175200
2023-11-02,FPT,56700.0,58410.0,56390.0,58410.0,2204000
2023-11-03,FPT,58410.0,58550.0,57100.0,57100.0,4842300
2023-11-06,FPT,57880.0,58350.0,57620.0,58080.0,1210100
2023-11-07,FPT,58080.0,58270.0,57680.0,57950.0,1340200
2023-11-08,FPT,57950.0,60770.0,57950.0,60770.0,2943200
2023-11-09,FPT,60380.0,61230.0,60250.0,60720.0,2110200
2023-11-10,FPT,60040.0,60850.0,59910.0,60040.0,2406500
2023-11-13,FPT,60110.0,60380.0,59390.0,59980.0,1532100
2023-11-14,FPT,60380.0,61290.0,59910.0,60770.0,1997800
2023-11-15,FPT,61500.0,61570.0,60380.0,60650.0,2417600
2023-11-16,FPT,60510.0,61040.0,60110.0,61040.0,1906300
2023-11-17,FPT,61290.0,61360.0,59450.0,59730.0,3567900
2023-11-20,FPT,59120.0,60770.0,58470.0,59530.0,1656500
2023-11-21,FPT,60380.0,60380.0,59530.0,60320.0,1460700
2023-11-22,FPT,60320.0,61080.0,60320.0,61040.0,3271700
2023-11-23,FPT,61230.0,61500.0,59600.0,59600.0,2165700
2023-11-24,FPT,59600.0,60380.0,59190.0,59850.0,2248500
2023-11-27,FPT,59980.0,59980.0,59120.0,59530.0,1659500
2023-11-28,FPT,59600.0,60320.0,59010.0,59790.0,1090700
2023-11-29,FPT,60110.0,60380.0,59790.0,60170.0,801500
2023-11-30,FPT,59980.0,61500.0,59910.0,60320.0,1982400
2023-12-01,FPT,60510.0,60960.0,59910.0,60650.0,1190800
2023-12-04,FPT,60770.0,61690.0,60770.0,61440.0,3462300
2023-12-05,FPT,61570.0,62870.0,61500.0,62220.0,3590200
2023-12-06,FPT,62350.0,62610.0,61750.0,62350.0,1220700
2023-12-07,FPT,62410.0,62540.0,60900.0,61880.0,3761200
2023-12-08,FPT,61880.0,62410.0,61360.0,61810.0,1745800
2023-12-11,FPT,62680.0,62810.0,62080.0,62350.0,1564500
2023-12-12,FPT,62610.0,63530.0,62540.0,63530.0,4084900
2023-12-13,FPT,63930.0,63930.0,62470.0,62470.0,2148100
2023-12-14,FPT,62870.0,63260.0,62470.0,63130.0,1712300
2023-12-15,FPT,63130.0,63200.0,62350.0,63130.0,1474300
2023-12-18,FPT,62940.0,63130.0,61500.0,61690.0,2266500
2023-12-19,FPT,61620.0,62080.0,61440.0,62080.0,1250400
2023-12-20,FPT,61880.0,62350.0,61750.0,62150.0,1349500
2023-12-21,FPT,62080.0,62410.0,61690.0,62410.0,1756800
2023-12-22,FPT,62350.0,62410.0,61950.0,62080.0,1275400
2023-12-25,FPT,62280.0,63130.0,62220.0,63010.0,2017000
2023-12-26,FPT,63340.0,64700.0,63260.0,63780.0,3359900
2023-12-27,FPT,63930.0,64180.00000000001,63600.0,63600.0,1355900
2023-12-28,FPT,63650.0,63650.0,63200.0,63390.0,1196600
2023-12-29,FPT,63390.0,63650.0,63050.0,63050.0,1866600
2024-01-02,FPT,63600.0,63600.0,62810.0,62940.0,1714500
2024-01-03,FPT,62740.0,63340.0,62610.0,63200.0,1436900
2024-01-04,FPT,63200.0,64569.99999999999,63130.0,63780.0,2973900
2024-01-05,FPT,63850.0,63990.0,63340.0,63930.0,1138600
2024-01-08,FPT,63930.0,64500.0,63720.0,63850.0,1443000
2024-01-09,FPT,63850.0,63850.0,63390.0,63390.0,1211700
2024-01-10,FPT,63450.0,63600.0,62010.0,62150.0,3302500
2024-01-11,FPT,62150.0,62610.0,62150.0,62350.0,1370900
2024-01-12,FPT,62220.0,62740.0,61750.0,62150.0,2597000
2024-01-15,FPT,62350.0,62940.0,62280.0,62610.0,1312200
2024-01-16,FPT,62150.0,62810.0,62150.0,62810.0,810000
2024-01-17,FPT,62740.0,63010.0,62350.0,62810.0,1414000
2024-01-18,FPT,62810.0,63010.0,62470.0,62740.0,1136900
2024-01-19,FPT,63010.0,63600.0,62810.0,63200.0,1493200
2024-01-22,FPT,63530.0,63530.0,62870.0,63260.0,1108000
2024-01-23,FPT,63050.0,63260.0,62610.0,62740.0,1480400
2024-01-24,FPT,62870.0,62870.0,62280.0,62350.0,1722100
2024-01-25,FPT,62410.0,62810.0,62220.0,62410.0,845100
2024-01-26,FPT,62680.0,63130.0,62540.0,62940.0,925400
2024-01-29,FPT,62940.0,63050.0,62540.0,62940.0,1060700
2024-01-30,FPT,62940.0,62940.0,62610.0,62740.0,949000
2024-01-31,FPT,62740.0,63010.0,62680.0,62810.0,1381500
2024-02-01,FPT,62940.0,65560.0,62810.0,65560.0,7793700
2024-02-02,FPT,65760.0,67060.0,65690.0,66950.0,2876100
2024-02-05,FPT,66950.0,68310.0,66870.0,67930.0,2694400
2024-02-06,FPT,67990.0,68910.0,67540.0,68310.0,1884300
2024-02-07,FPT,68710.0,68910.0,68190.0,68850.0,2125400
2024-02-15,FPT,69030.0,69240.0,68120.0,68250.0,2248400
2024-02-16,FPT,68250.0,68970.0,68120.0,68970.0,2066000
2024-02-19,FPT,69240.0,70230.0,68910.0,68910.0,2031800
2024-02-20,FPT,69030.0,69030.0,68250.0,68450.0,1844300
2024-02-21,FPT,68250.0,70150.0,67930.0,69500.0,3137500
2024-02-22,FPT,69500.0,69560.0,68650.0,68650.0,1718700
2024-02-23,FPT,69240.0,70030.0,67780.0,68190.0,4103500
2024-02-26,FPT,68190.0,70870.0,67930.0,70870.0,4466700
2024-02-27,FPT,71200.0,71860.0,70480.0,70820.0,2800800
2024-02-28,FPT,70870.0,71200.0,69750.0,71200.0,3461700
2024-02-29,FPT,71000.0,71800.0,70680.0,71550.0,2824800
2024-03-01,FPT,71670.0,73100.0,71610.0,72720.0,4019400
2024-03-04,FPT,72850.0,73370.0,72720.0,73100.0,3087100
2024-03-05,FPT,73100.0,73100.0,72120.0,72650.0,3383000
2024-03-06,FPT,72190.0,72450.0,71140.0,71610.0,3702600
2024-03-07,FPT,71610.0,74750.0,71000.0,73040.0,4037600
2024-03-08,FPT,73040.0,73890.0,71860.0,72190.0,3115600
2024-03-11,FPT,72190.0,74480.0,72190.0,72190.0,3381500
2024-03-12,FPT,72190.0,74480.0,72190.0,73450.0,2907800
2024-03-13,FPT,74030.0,76780.0,73520.0,76780.0,5114200
2024-03-14,FPT,77770.0,77770.0,75940.0,76780.0,3463000
2024-03-15,FPT,76650.0,76650.0,75150.0,76140.0,3838400
2024-03-18,FPT,76000.0,76000.0,72920.0,74160.0,5884600
2024-03-19,FPT,74160.0,74160.0,72920.0,73520.0,3315400
2024-03-20,FPT,73690.0,75460.0,72920.0,75150.0,3475700
2024-03-21,FPT,75590.0,76250.0,75210.0,76250.0,3757800
2024-03-22,FPT,76310.0,76310.0,75150.0,75410.0,2414800
2024-03-25,FPT,74880.0,75530.0,74680.0,74820.0,2794400
2024-03-26,FPT,74820.0,75800.0,74550.0,75460.0,1693300
2024-03-27,FPT,75280.0,75660.0,74880.0,75590.0,1320200
2024-03-28,FPT,76060.0,77050.0,75660.0,76850.0,2803200
2024-03-29,FPT,76380.0,76920.0,76140.0,76450.0,1343500
2024-04-01,FPT,76140.0,77170.0,75590.0,76650.0,1974600
2024-04-02,FPT,75730.0,76780.0,75730.0,76780.0,2285800
2024-04-03,FPT,76210.0,76780.0,75530.0,75530.0,2549000
2024-04-04,FPT,75460.0,76000.0,74820.0,74820.0,2359500
2024-04-05,FPT,74230.0,75280.0,73890.0,74610.0,2759000
2024-04-08,FPT,74610.0,74610.0,73890.0,73890.0,1952000
2024-04-09,FPT,73890.0,74280.0,73830.0,74160.0,1432500
2024-04-10,FPT,74480.0,75870.0,74350.0,74680.0,1791100
2024-04-11,FPT,74480.0,75730.0,74350.0,75410.0,1549400
2024-04-12,FPT,76060.0,76060.0,75010.0,75800.0,1367300
2024-04-15,FPT,75800.0,75870.0,73160.0,73240.0,3701900
2024-04-16,FPT,73520.0,74280.0,73160.0,74160.0,3642700
2024-04-17,FPT,74230.0,74230.0,73240.0,73370.0,1943300
2024-04-19,FPT,72520.0,72970.0,71550.0,71550.0,5361100
2024-04-22,FPT,72190.0,73100.0,71470.0,72390.0,2397300
2024-04-23,FPT,72790.0,74350.0,72120.0,73690.0,4037600
2024-04-24,FPT,74550.0,78830.0,74280.0,78830.0,10158700
2024-04-25,FPT,80390.0,84000.0,80000.0,80850.0,5707700
2024-04-26,FPT,80730.0,82300.0,80200.0,80850.0,3396500
2024-05-02,FPT,81250.0,84660.0,81050.0,83540.0,3469300
2024-05-03,FPT,84060.0,84260.0,82430.0,82630.0,3191200
2024-05-06,FPT,83020.0,83750.0,81690.0,83750.0,2704600
2024-05-07,FPT,84000.0,86350.0,83470.0,86150.0,3122800
2024-05-08,FPT,85380.0,85980.0,84860.0,85980.0,3017800
2024-05-09,FPT,85710.0,87150.0,85310.0,85510.0,2203300
2024-05-10,FPT,86150.0,86760.0,84800.0,85980.0,3789700
2024-05-13,FPT,86150.0,86290.0,84530.0,85110.0,1852200
2024-05-14,FPT,85310.0,86430.0,85050.0,85650.0,2304600
2024-05-15,FPT,86290.0,88270.0,86150.0,88010.0,3653100
2024-05-16,FPT,88990.0,90100.0,88070.0,88860.0,3119000
2024-05-17,FPT,88860.0,89250.0,87750.0,88270.0,2306400
2024-05-20,FPT,88730.0,89320.0,87280.0,87280.0,2013500
2024-05-21,FPT,87950.0,89250.0,87600.0,89250.0,3471900
2024-05-22,FPT,90500.0,91680.0,89320.0,90560.0,4511800
2024-05-23,FPT,90240.0,90440.0,88600.0,90240.0,3621500
2024-05-24,FPT,90560.0,90560.0,85710.0,86560.0,13375600
2024-05-27,FPT,87280.0,87600.0,85710.0,87150.0,5157800
2024-05-28,FPT,87950.0,89910.0,87350.0,89910.0,4625300
2024-05-29,FPT,89970.0,90690.0,88460.0,89050.0,5837600
2024-05-30,FPT,87810.0,88600.0,86560.0,88600.0,7261300
2024-05-31,FPT,88600.0,89770.0,87810.0,88330.0,2633500
2024-06-03,FPT,88600.0,90310.0,88390.0,89850.0,7773600
2024-06-04,FPT,91220.0,91420.0,90440.0,91290.0,7009800
2024-06-05,FPT,91870.0,95100.0,91680.0,91940.0,6321600
2024-06-06,FPT,92070.0,92990.0,91080.0,91610.0,5211800
2024-06-07,FPT,92540.0,93200.0,92210.0,93200.0,3756900
2024-06-10,FPT,94170.0,95170.0,93850.0,94500.0,3775400
2024-06-11,FPT,94700.0,96130.0,93920.0,96130.0,6327300
2024-06-12,FPT,97180.0,100840.0,97110.0,100320.0,11215500
2024-06-13,FPT,101590.0,101670.0,98780.0,98780.0,8136200
2024-06-14,FPT,98850.0,100750.0,98020.0,99550.0,6406200
2024-06-17,FPT,99550.0,99850.0,97650.0,97880.0,4867600
2024-06-18,FPT,97880.0,98560.0,97260.0,97260.0,6680000
2024-06-19,FPT,97260.0,100910.0,96190.0,99930.0,9669200
2024-06-20,FPT,101070.0,103120.0,100150.0,101300.0,10465700
2024-06-21,FPT,101750.0,103420.0,101300.0,103420.0,7653300
2024-06-24,FPT,102580.0,102970.0,100320.0,100380.0,13186900
2024-06-25,FPT,99550.0,99620.0,97730.0,98780.0,13706800
2024-06-26,FPT,99550.0,100150.0,98330.0,100150.0,7147400
2024-06-27,FPT,99770.0,101910.0,99390.0,100910.0,6403700
2024-06-28,FPT,100910.0,100910.0,99090.0,99170.0,6633000
2024-07-01,FPT,99090.0,99090.0,97650.0,97730.0,6376000
2024-07-02,FPT,97730.0,100380.0,96890.0,97260.0,6720600
2024-07-03,FPT,99170.0,100910.0,98850.0,99550.0,7634100
2024-07-04,FPT,100380.0,103200.0,100380.0,103200.0,8117900
2024-07-05,FPT,103420.0,106150.0,103420.0,105400.0,7789400
2024-07-08,FPT,105250.0,106070.0,104490.0,106070.0,5865700
2024-07-09,FPT,105700.0,105850.0,103340.0,104490.0,9676100
2024-07-10,FPT,103340.0,104100.0,101830.0,101830.0,6294700
2024-07-11,FPT,101910.0,102890.0,100670.0,101070.0,6842100
2024-07-12,FPT,100450.0,103340.0,100450.0,101670.0,3553400
2024-07-15,FPT,101440.0,102440.0,100540.0,100840.0,3067200
2024-07-16,FPT,101510.0,102210.0,100540.0,101830.0,4002300
2024-07-17,FPT,101830.0,101910.0,98710.0,100240.0,6970100
2024-07-18,FPT,99850.0,99850.0,97110.0,97180.0,10800200
2024-07-19,FPT,97730.0,98250.0,95750.0,95750.0,6551700
2024-07-22,FPT,95750.0,95750.0,93620.0,94300.0,6216900
2024-07-23,FPT,94910.0,96890.0,94840.0,95360.0,5311600
2024-07-24,FPT,95360.0,96190.0,94230.0,95750.0,4151700
2024-07-25,FPT,94370.0,95360.0,94300.0,94990.0,2563400
2024-07-26,FPT,95670.0,97260.0,94530.0,97260.0,3951100
2024-07-29,FPT,98780.0,99250.0,98020.0,98020.0,4859800
2024-07-30,FPT,98020.0,98410.0,96510.0,97260.0,2373800
2024-07-31,FPT,96740.0,97730.0,96190.0,97730.0,2869200
2024-08-01,FPT,98490.0,98560.0,94300.0,94840.0,6870300
2024-08-02,FPT,92770.0,94840.0,91950.0,93620.0,9944700
2024-08-05,FPT,92030.0,93390.0,89210.0,90120.0,10415200
2024-08-06,FPT,91190.0,92640.0,91030.0,91790.0,6728100
2024-08-07,FPT,91950.0,92700.0,91350.0,92700.0,2822800
2024-08-08,FPT,92410.0,93010.0,91860.0,92250.0,2654900
2024-08-09,FPT,93010.0,96430.0,92700.0,96430.0,5496400
2024-08-12,FPT,96430.0,98940.0,95910.0,98780.0,6183500
2024-08-13,FPT,98560.0,98940.0,97260.0,98560.0,4097900
2024-08-14,FPT,99320.0,99930.0,98410.0,98410.0,2862200
2024-08-15,FPT,98100.0,98410.0,97420.0,97810.0,2257600
2024-08-16,FPT,98100.0,99550.0,98100.0,99250.0,5093600
2024-08-19,FPT,99620.0,99850.0,98780.0,99170.0,2498400
2024-08-20,FPT,99320.0,100670.0,99320.0,99930.0,3741400
2024-08-21,FPT,99250.0,101670.0,99250.0,101440.0,6119700
2024-08-22,FPT,101830.0,102210.0,101440.0,101670.0,3020500
2024-08-23,FPT,101590.0,101590.0,100610.0,101150.0,3055000
2024-08-26,FPT,101300.0,101440.0,99930.0,99930.0,2590300
2024-08-27,FPT,99930.0,100750.0,99090.0,100670.0,2338500
2024-08-28,FPT,101070.0,102210.0,100990.0,101300.0,2711500
2024-08-29,FPT,100910.0,101670.0,100450.0,101590.0,2092700
2024-08-30,FPT,101440.0,102510.0,101070.0,102440.0,3315800
2024-09-04,FPT,101070.0,101070.0,99930.0,101070.0,4535200
2024-09-05,FPT,101070.0,101070.0,98560.0,99250.0,8055600
2024-09-06,FPT,99170.0,100990.0,99020.0,100380.0,3821400
2024-09-09,FPT,99390.0,100240.0,98850.0,99770.0,2885200
2024-09-10,FPT,99550.0,99550.0,98490.0,98780.0,4195100
2024-09-11,FPT,98780.0,99770.0,98650.0,99250.0,3190400
2024-09-12,FPT,99550.0,100670.0,99550.0,100540.0,4118000
2024-09-13,FPT,100450.0,101370.0,100320.0,101070.0,3186800
2024-09-16,FPT,100150.0,101070.0,99620.0,99620.0,1915700
2024-09-17,FPT,99690.0,100990.0,99690.0,100990.0,2651400
2024-09-18,FPT,101370.0,102740.0,100990.0,102280.0,5379600
2024-09-19,FPT,102440.0,103200.0,102050.0,102740.0,5154300
2024-09-20,FPT,103570.0,104100.0,102580.0,102810.0,3719700
2024-09-23,FPT,103280.0,103280.0,101370.0,101830.0,2441200
2024-09-24,FPT,101830.0,102360.0,101590.0,102210.0,2011400
2024-09-25,FPT,102050.0,102440.0,101510.0,102440.0,4479900
2024-09-26,FPT,102580.0,102580.0,101750.0,102050.0,2815600
2024-09-27,FPT,102050.0,102130.0,101440.0,101970.0,3352800
2024-09-30,FPT,101970.0,102210.0,101070.0,102210.0,3030500
2024-10-01,FPT,102360.0,103500.0,102360.0,103280.0,4725900
2024-10-02,FPT,102280.0,103280.0,102280.0,102890.0,1719800
2024-10-03,FPT,102890.0,103420.0,101830.0,101830.0,2300800
2024-10-04,FPT,102050.0,102440.0,101440.0,101910.0,1468400
2024-10-07,FPT,101970.0,102510.0,101510.0,101910.0,1330500
2024-10-08,FPT,101910.0,102650.0,101510.0,101670.0,2108600
2024-10-09,FPT,102050.0,103200.0,102050.0,102890.0,2619900
2024-10-10,FPT,103200.0,107910.0,103200.0,107680.0,9952200
2024-10-11,FPT,107910.0,108520.0,106070.0,106070.0,3813600
2024-10-14,FPT,107230.0,107360.0,104180.0,104570.0,5605300
2024-10-15,FPT,104570.0,105320.0,103810.0,104100.0,2860800
2024-10-16,FPT,103650.0,104180.0,103340.0,103570.0,2756000
2024-10-17,FPT,103730.0,104180.0,102970.0,104100.0,2579200
2024-10-18,FPT,104410.0,104710.0,103810.0,104100.0,2169400
2024-10-21,FPT,104100.0,104640.0,102970.0,102970.0,2681300
2024-10-22,FPT,103120.0,103120.0,101070.0,101150.0,6009200
2024-10-23,FPT,100990.0,102440.0,100750.0,101970.0,3015100
2024-10-24,FPT,101970.0,102050.0,101670.0,102050.0,2277200
2024-10-25,FPT,102050.0,102280.0,101510.0,101830.0,1839000
2024-10-28,FPT,101910.0,102580.0,101510.0,102510.0,1506000
2024-10-29,FPT,102890.0,102970.0,102440.0,102890.0,2459200
2024-10-30,FPT,102890.0,103280.0,102740.0,103280.0,1709800
2024-10-31,FPT,103280.0,103340.0,102810.0,103280.0,1241700
2024-11-01,FPT,102580.0,102580.0,101510.0,102280.0,2667500
2024-11-04,FPT,102280.0,102280.0,100840.0,100910.0,3182900
2024-11-05,FPT,101070.0,101830.0,100540.0,100750.0,1657100
2024-11-06,FPT,101150.0,102280.0,101070.0,102280.0,1801500
2024-11-07,FPT,102810.0,104570.0,101970.0,102650.0,3570500
2024-11-08,FPT,103420.0,103950.0,102650.0,103200.0,2106300
2024-11-11,FPT,103730.0,106000.0,103340.0,105100.0,5292000
2024-11-12,FPT,105320.0,105550.0,103280.0,103950.0,2914700
2024-11-13,FPT,103870.0,104940.0,103420.0,104710.0,3455400
2024-11-14,FPT,104780.0,106310.0,103340.0,103340.0,4736300
2024-11-15,FPT,102810.0,103120.0,100750.0,101750.0,6563600
2024-11-18,FPT,101830.0,102280.0,100670.0,101830.0,3903400
2024-11-19,FPT,101440.0,101510.0,98710.0,98780.0,7642800
2024-11-20,FPT,98780.0,100610.0,96270.0,100610.0,8460300
2024-11-21,FPT,100610.0,101070.0,99550.0,101070.0,3176700
2024-11-22,FPT,100990.0,102130.0,100670.0,101750.0,2915900
2024-11-25,FPT,101830.0,101830.0,101230.0,101750.0,1849700
2024-11-26,FPT,101370.0,103280.0,101300.0,102740.0,4176100
2024-11-27,FPT,102740.0,106150.0,102740.0,105550.0,9814300
2024-11-28,FPT,105930.0,106390.0,105100.0,105930.0,4742700
2024-11-29,FPT,105930.0,110500.0,105630.0,109650.0,11586700
2024-12-02,FPT,110430.0,111720.0,108350.0,108810.0,6616800
2024-12-03,FPT,108430.0,111640.0,108430.0,110950.0,5103700
2024-12-04,FPT,110950.0,111950.0,109260.0,109810.0,5609100
2024-12-05,FPT,110190.0,113630.0,109880.0,113630.0,4849200
2024-12-06,FPT,116240.0,116240.0,113250.0,114400.0,4541200
2024-12-09,FPT,114160.0,114400.0,111800.0,112480.0,4539000
2024-12-10,FPT,112550.0,114400.0,112480.0,114400.0,3597200
2024-12-11,FPT,114780.0,116070.0,114550.0,115160.0,4816600
2024-12-12,FPT,116240.0,116240.0,114160.0,114940.0,4147900
2024-12-13,FPT,114400.0,115460.0,114320.0,114400.0,3379800
2024-12-16,FPT,114470.0,115230.0,114400.0,114700.0,3291100
2024-12-17,FPT,114860.0,115160.0,113030.0,113250.0,5947500
2024-12-18,FPT,113250.0,114630.0,113250.0,113790.0,2923400
2024-12-19,FPT,112710.0,114020.0,112630.0,113320.0,4805200
2024-12-20,FPT,113630.0,115230.0,113470.0,114400.0,3538900
2024-12-23,FPT,114400.0,114700.0,113790.0,114630.0,2514800
2024-12-24,FPT,114780.0,115390.0,114320.0,115080.0,2300900
2024-12-25,FPT,115230.0,115710.0,115080.0,115390.0,2513100
2024-12-26,FPT,115550.0,115850.0,114100.0,114630.0,2233300
2024-12-27,FPT,114400.0,114700.0,113790.0,114470.0,2561700
2024-12-30,FPT,114320.0,115390.0,113630.0,115160.0,1982400
2024-12-31,FPT,115310.0,117760.0,115020.0,116700.0,3603200
2025-01-02,FPT,116700.0,116840.0,114860.0,116310.0,3172800
2025-01-03,FPT,115780.0,115780.0,114020.0,114020.0,4336100
2025-01-06,FPT,114100.0,114940.0,113550.0,114240.0,3467100
2025-01-07,FPT,114400.0,115780.0,114400.0,114860.0,3453300
2025-01-08,FPT,114780.0,114780.0,113320.0,113470.0,3879900
2025-01-09,FPT,113470.0,114160.0,113250.0,113860.0,1714400
2025-01-10,FPT,113860.0,114100.0,112630.0,112710.0,2524700
2025-01-13,FPT,111800.0,113630.0,110730.0,112950.0,3488800
2025-01-14,FPT,112950.0,113250.0,111030.0,111030.0,2897200
2025-01-15,FPT,111720.0,112100.0,110790.0,111340.0,2840900
2025-01-16,FPT,111870.0,112480.0,111110.0,112100.0,3568000
2025-01-17,FPT,112180.0,114860.0,111720.0,114020.0,3537000
2025-01-20,FPT,114020.0,115080.0,113390.0,114780.0,2217700
2025-01-21,FPT,115160.0,115850.0,114020.0,114700.0,2480300
2025-01-22,FPT,114470.0,115230.0,114160.0,114550.0,2785600
2025-01-23,FPT,114860.0,119360.0,114780.0,118060.0,7057800
2025-01-24,FPT,117910.0,118230.0,117380.0,117380.0,3655700
2025-02-03,FPT,113250.0,114160.0,111190.0,111340.0,12747700
2025-02-04,FPT,111720.0,112480.0,111190.0,111870.0,5467700
2025-02-05,FPT,112410.0,112860.0,111560.0,111950.0,5204100
2025-02-06,FPT,112480.0,112710.0,111420.0,112100.0,3426600
2025-02-07,FPT,112100.0,112260.0,111560.0,111800.0,3865900
2025-02-10,FPT,111340.0,111340.0,108650.0,108650.0,7749600
2025-02-11,FPT,108810.0,111260.0,107210.0,111260.0,5361400
2025-02-12,FPT,111420.0,111490.0,110430.0,110950.0,1887400
2025-02-13,FPT,110950.0,110950.0,109190.0,109500.0,2850800
2025-02-14,FPT,110190.0,110950.0,109880.0,110870.0,3251700
2025-02-17,FPT,110950.0,110950.0,109730.0,109880.0,2466300
2025-02-18,FPT,110030.0,110500.0,109500.0,110110.0,1664400
2025-02-19,FPT,110110.0,110870.0,109500.0,110190.0,3029800
2025-02-20,FPT,110350.0,110650.0,109430.0,109430.0,3385400
2025-02-21,FPT,109260.0,109350.0,108270.0,108650.0,5312600
2025-02-24,FPT,108650.0,108650.0,106750.0,107510.0,7497900
2025-02-25,FPT,107430.0,107430.0,105750.0,106360.0,6810400
2025-02-26,FPT,106440.0,108510.0,106290.0,108510.0,3323400
2025-02-27,FPT,108650.0,108810.0,107660.0,108130.0,3421700
2025-02-28,FPT,107210.0,107960.0,106360.0,107350.0,4694400
2025-03-03,FPT,107510.0,108190.0,107350.0,107510.0,2533900
2025-03-04,FPT,106750.0,107590.0,106590.0,107130.0,3471300
2025-03-05,FPT,107130.0,107210.0,106440.0,106440.0,2851100
2025-03-06,FPT,106750.0,109810.0,106750.0,108350.0,6417100
2025-03-07,FPT,108430.0,109190.0,107960.0,108190.0,2954500
2025-03-10,FPT,108270.0,108270.0,106520.0,106590.0,5323000
2025-03-11,FPT,105590.0,105980.0,104830.0,105220.0,5784400
2025-03-12,FPT,105360.0,106130.0,103980.0,103980.0,6185000
2025-03-13,FPT,104150.0,105590.0,104150.0,104450.0,3610200
2025-03-14,FPT,103760.0,104290.0,100080.0,100550.0,16094000
2025-03-17,FPT,100690.0,101090.0,99170.0,99480.0,6707000
2025-03-18,FPT,99550.0,101160.0,99480.0,99480.0,5508500
2025-03-19,FPT,99550.0,99940.0,94500.0,95350.0,18128400
2025-03-20,FPT,95350.0,97020.0,95260.0,95650.0,8203400
2025-03-21,FPT,95650.0,98710.0,95650.0,97950.0,6424800
2025-03-24,FPT,98330.0,98940.0,97410.0,98710.0,5090200
2025-03-25,FPT,99330.0,99400.0,96800.0,96800.0,5629200
2025-03-26,FPT,96800.0,96800.0,93890.0,94120.0,9734600
2025-03-27,FPT,93360.0,96800.0,92660.0,96570.0,6464400
2025-03-28,FPT,96490.0,96720.0,94880.0,94880.0,2944800
2025-03-31,FPT,94420.0,94420.0,92590.0,92590.0,5406300
2025-04-01,FPT,93360.0,93500.0,90910.0,92210.0,7824300
2025-04-02,FPT,92740.0,93570.0,92450.0,93360.0,3920200
2025-04-03,FPT,87770.0,89990.0,86850.0,86850.0,11484900
2025-04-04,FPT,80800.0,87150.0,80800.0,86470.0,21574500
2025-04-08,FPT,81110.0,82640.0,80430.0,80430.0,16276400
2025-04-09,FPT,74840.0,82640.0,74840.0,80570.0,16893300
2025-04-10,FPT,86150.0,86150.0,86150.0,86150.0,1005400
2025-04-11,FPT,89530.0,90680.0,87460.0,90680.0,19224000
2025-04-14,FPT,91820.0,91820.0,87240.0,90680.0,9217400
2025-04-15,FPT,88840.0,89530.0,87000.0,88770.0,7762200
2025-04-16,FPT,87610.0,88690.0,82560.0,82560.0,18032200
2025-04-17,FPT,80350.0,85170.0,80260.0,83710.0,8580100
2025-04-18,FPT,84550.0,88000.0,84550.0,85400.0,7485500
2025-04-21,FPT,85710.0,86090.0,84160.0,85470.0,4332300
2025-04-22,FPT,84930.0,85090.0,79580.0,84470.0,9127300
2025-04-23,FPT,85470.0,85470.0,82410.0,84470.0,5710800
2025-04-24,FPT,85320.0,87000.0,84640.0,85710.0,7740100
2025-04-25,FPT,85710.0,86010.0,84330.0,86010.0,5384100
2025-04-28,FPT,85710.0,86010.0,83550.0,83790.0,3853700
2025-04-29,FPT,83870.0,84550.0,83480.0,83710.0,2945500
2025-05-05,FPT,83030.0,83410.0,82950.0,83100.0,7167600
2025-05-06,FPT,83100.0,84930.0,83100.0,83950.0,5686200
2025-05-07,FPT,83870.0,85090.0,83340.0,83950.0,3926800
2025-05-08,FPT,84470.0,87690.0,83410.0,87460.0,12644900
2025-05-09,FPT,87460.0,89070.0,86850.0,88770.0,8496900
2025-05-12,FPT,89530.0,90830.0,89300.0,90530.0,8715200
2025-05-13,FPT,91820.0,92050.0,90750.0,91440.0,8565900
2025-05-14,FPT,91820.0,96650.0,91820.0,96650.0,12080300
2025-05-15,FPT,96800.0,97100.0,94580.0,95650.0,7806300
2025-05-16,FPT,95260.0,95410.0,92510.0,92590.0,8012200
2025-05-19,FPT,90910.0,92210.0,89220.0,90450.0,9916700
2025-05-20,FPT,89370.0,91290.0,89370.0,91210.0,7911300
2025-05-21,FPT,91820.0,91820.0,89530.0,90530.0,6024400
2025-05-22,FPT,89610.0,89990.0,88450.0,89370.0,6350700
2025-05-23,FPT,89300.0,90140.0,88770.0,89610.0,4440500
2025-05-26,FPT,89300.0,90140.0,88000.0,89760.0,4023400
2025-05-27,FPT,89840.0,91370.0,89840.0,91050.0,5498200
2025-05-28,FPT,91210.0,91370.0,89910.0,90610.0,3933600
2025-05-29,FPT,91050.0,91050.0,89610.0,89610.0,2933000
2025-05-30,FPT,90290.0,90450.0,89150.0,89150.0,4038000
2025-06-02,FPT,89150.0,89610.0,88450.0,88840.0,2916400
2025-06-03,FPT,89300.0,90290.0,88990.0,89840.0,3398600
2025-06-04,FPT,90290.0,90450.0,89150.0,89610.0,2873300
2025-06-05,FPT,89610.0,89760.0,89150.0,89370.0,2302800
2025-06-06,FPT,89370.0,89370.0,88000.0,88000.0,5383000
2025-06-09,FPT,88370.0,89450.0,88000.0,88910.0,3054700
2025-06-10,FPT,89530.0,89840.0,88540.0,88540.0,3359000
2025-06-11,FPT,88840.0,90450.0,88840.0,90210.0,5744300
2025-06-12,FPT,90750.0,90840.0,89910.0,90290.0,4153100
2025-06-13,FPT,89520.0,89910.0,88670.0,89060.0,6161700
2025-06-16,FPT,88830.0,92450.0,88750.0,91840.0,8069100
2025-06-17,FPT,91840.0,92070.0,91220.0,91680.0,4600300
2025-06-18,FPT,91680.0,92220.0,89840.0,90290.0,6556700
2025-06-19,FPT,90290.0,90370.0,89290.0,89520.0,5404900
2025-06-20,FPT,89600.0,90210.0,89370.0,89600.0,4339400
2025-06-23,FPT,89140.0,89750.0,88360.0,89440.0,4587300
2025-06-24,FPT,89750.0,90290.0,89750.0,89910.0,4271900
2025-06-25,FPT,90290.0,92150.0,90290.0,90370.0,6000700
2025-06-26,FPT,91060.0,91300.0,89990.0,90290.0,4132300
2025-06-27,FPT,90290.0,91300.0,90210.0,90530.0,5263200
2025-06-30,FPT,90980.0,92220.0,90750.0,91220.0,6859100
2025-07-01,FPT,91840.0,92220.0,91220.0,91680.0,4609400
2025-07-02,FPT,91450.0,91610.0,90750.0,91530.0,3661700
2025-07-03,FPT,91450.0,92450.0,90910.0,91060.0,6304300
2025-07-04,FPT,91450.0,95230.0,91380.0,94540.0,12825000
2025-07-07,FPT,95160.0,96230.0,94930.0,95540.0,6382800
2025-07-08,FPT,95770.0,97000.0,95700.0,96080.0,8064200
2025-07-09,FPT,96310.0,96390.0,94380.0,94760.0,12198400
2025-07-10,FPT,95540.0,96700.0,95310.0,95620.0,5180200
2025-07-11,FPT,96470.0,98770.0,96150.0,97710.0,10736000
2025-07-14,FPT,98160.0,98700.0,96470.0,98080.0,5978400
2025-07-15,FPT,97710.0,98640.0,97250.0,97250.0,5600000
2025-07-16,FPT,97780.0,98010.0,96550.0,97470.0,5063000
2025-07-17,FPT,97780.0,99630.0,97250.0,98010.0,8334200
2025-07-18,FPT,98770.0,98770.0,97250.0,97250.0,6494600
2025-07-21,FPT,99750.0,99750.0,97890.0,97890.0,7563700
2025-07-22,FPT,97890.0,99570.0,96470.0,99490.0,6889600
2025-07-23,FPT,99660.0,100110.0,98770.0,99230.0,4795100
2025-07-24,FPT,99400.0,99490.0,98340.0,98610.0,6420800
2025-07-25,FPT,98610.0,98950.0,98060.0,98250.0,5137000
2025-07-28,FPT,98340.0,99050.0,98060.0,98770.0,7611000
2025-07-29,FPT,98770.0,99050.0,94070.0,94070.0,16059500
2025-07-30,FPT,94960.0,95850.0,93450.0,94160.0,7488200
2025-07-31,FPT,94160.0,94870.0,92120.0,92300.0,8944200
2025-08-01,FPT,92040.0,95320.0,90080.0,94960.0,10891500
2025-08-04,FPT,94520.0,94610.0,93010.0,94610.0,4617800
2025-08-05,FPT,94960.0,96470.0,93190.0,93900.0,11395000
2025-08-06,FPT,94070.0,94250.0,92740.0,93100.0,11814200
2025-08-07,FPT,93720.0,95320.0,93100.0,94250.0,9565800
2025-08-08,FPT,94520.0,95320.0,93010.0,93720.0,9184800
2025-08-11,FPT,93990.0,97180.0,93450.0,94430.0,10278500
2025-08-12,FPT,95320.0,96030.0,94610.0,95400.0,11011800
2025-08-13,FPT,95490.0,95670.0,93100.0,93280.0,21845000
2025-08-14,FPT,93900.0,93900.0,92040.0,92120.0,17905400
2025-08-15,FPT,92120.0,93010.0,89910.0,90000.0,18622300
2025-08-18,FPT,90000.0,91410.0,88750.0,89190.0,11392300
2025-08-19,FPT,89280.0,90080.0,88750.0,89020.0,9153600
2025-08-20,FPT,88840.0,89020.0,86540.0,86710.0,19969500
2025-08-21,FPT,86710.0,91330.0,86710.0,90250.0,12624800
2025-08-22,FPT,90160.0,90160.0,87680.0,87860.0,7212000
2025-08-25,FPT,90530.0,90530.0,87680.0,87680.0,6736000
2025-08-26,FPT,87680.0,88750.0,86880.0,88750.0,5812500
2025-08-27,FPT,90000.0,93280.0,89820.0,93190.0,19436400
2025-08-28,FPT,93280.0,93280.0,91240.0,92740.0,6280200
2025-08-29,FPT,93190.0,93190.0,90160.0,90160.0,11090200
2025-09-03,FPT,90530.0,91680.0,88750.0,91590.0,9744200
2025-09-04,FPT,91680.0,93630.0,91590.0,93190.0,11033600
2025-09-05,FPT,93370.0,93630.0,91770.0,91770.0,8807800
2025-09-08,FPT,91410.0,92210.0,90440.0,90440.0,10600300
2025-09-09,FPT,90530.0,91410.0,89640.0,90620.0,6460700
2025-09-10,FPT,90620.0,91330.0,89730.0,89820.0,5498500
2025-09-11,FPT,89820.0,91330.0,89190.0,90530.0,7414200
2025-09-12,FPT,90530.0,91330.0,89730.0,90160.0,7447000
2025-09-15,FPT,90440.0,91850.0,90080.0,90440.0,14123100
2025-09-16,FPT,91150.0,93010.0,90530.0,91850.0,17531600
2025-09-17,FPT,92300.0,95670.0,92300.0,93630.0,20018000
2025-09-18,FPT,94070.0,94350.0,91410.0,91410.0,8198400
2025-09-19,FPT,92120.0,92120.0,89190.0,91410.0,23514300
2025-09-22,FPT,90960.0,91150.0,88390.0,88480.0,16280200
2025-09-23,FPT,88750.0,88750.0,86540.0,86970.0,18291200
2025-09-24,FPT,87060.0,88310.0,86450.0,88310.0,7421100
2025-09-25,FPT,88310.0,88310.0,86880.0,86970.0,8627700
2025-09-26,FPT,87150.0,88130.0,86450.0,86540.0,8080800
2025-09-29,FPT,86790.0,86790.0,84760.0,84760.0,10430900
2025-09-30,FPT,84760.0,85020.0,82350.0,82540.0,12018800
2025-10-01,FPT,82720.0,83870.0,81120.0,82890.0,7405100
2025-10-02,FPT,82450.0,82890.0,81650.0,81740.0,7933800
2025-10-03,FPT,81830.0,83430.0,81740.0,82890.0,7681300
2025-10-06,FPT,83690.0,85110.0,82980.0,84760.0,6580000
2025-10-07,FPT,85200.0,85470.0,84490.0,84760.0,5997500
2025-10-08,FPT,84760.0,86000.0,83870.0,83870.0,5132100
2025-10-09,FPT,84310.0,84310.0,82980.0,83600.0,5716300
2025-10-10,FPT,83600.0,85650.0,83250.0,85290.0,8587700
2025-10-13,FPT,84220.0,84220.0,83160.0,83430.0,7915000
2025-10-14,FPT,83510.0,83870.0,82010.0,82010.0,12659600
2025-10-15,FPT,82180.0,82630.0,79440.0,79530.0,18738600
2025-10-16,FPT,79700.0,81210.0,79530.0,79700.0,7928500
2025-10-17,FPT,79960.0,81210.0,78190.0,78190.0,8374400
2025-10-20,FPT,78360.0,81470.0,77210.0,77210.0,14580300
2025-10-21,FPT,78980.0,82540.0,78550.0,82540.0,19520200
2025-10-22,FPT,84490.0,87860.0,84310.0,86090.0,18311100
2025-10-23,FPT,86260.0,86350.0,83430.0,84310.0,6647600
2025-10-24,FPT,84310.0,86710.0,84050.0,86710.0,13759100
2025-10-27,FPT,87860.0,88480.0,85470.0,86970.0,12897800
2025-10-28,FPT,87500.0,90710.0,87500.0,90710.0,20912700
2025-10-29,FPT,90880.0,91590.0,89730.0,90250.0,9302800
2025-10-30,FPT,90620.0,91850.0,90160.0,91150.0,9730600
2025-10-31,FPT,91050.0,92210.0,89640.0,92210.0,14827100
2025-11-03,FPT,92120.0,94350.0,91850.0,93190.0,20963600
2025-11-04,FPT,92390.0,92920.0,90250.0,91680.0,10620700
2025-11-05,FPT,90350.0,90530.0,88390.0,89550.0,11741500
2025-11-06,FPT,89550.0,90530.0,88220.0,88930.0,6751800
2025-11-07,FPT,88310.0,90350.0,88310.0,89640.0,5863600
2025-11-10,FPT,89820.0,89820.0,85380.0,85380.0,10072600
2025-11-11,FPT,85910.0,86880.0,85290.0,85290.0,6624200
2025-11-12,FPT,85650.0,89280.0,85650.0,89280.0,6635300
2025-11-13,FPT,89280.0,89370.0,87590.0,87770.0,4757400
2025-11-14,FPT,87770.0,89550.0,87150.0,88750.0,4699900
2025-11-17,FPT,89280.0,90350.0,89280.0,89640.0,5585100
2025-11-18,FPT,89640.0,89730.0,87680.0,88750.0,6500100
2025-11-19,FPT,88310.0,88310.0,86970.0,86970.0,5169300
2025-11-20,FPT,87500.0,88480.0,87060.0,87860.0,4593100
2025-11-21,FPT,86970.0,89820.0,86790.0,89450.0,7936900
2025-11-24,FPT,89370.0,89730.0,88390.0,88930.0,5061800
2025-11-25,FPT,88480.0,89020.0,87860.0,88480.0,4494900
2025-11-26,FPT,88570.0,88930.0,87770.0,87860.0,5830900
2025-11-27,FPT,88050.0,88570.0,87060.0,88310.0,4780500
2025-11-28,FPT,87950.0,88220.0,86170.0,86170.0,6210400
2025-12-01,FPT,86890.0,87610.0,86170.0,86630.0,3125100
2025-12-02,FPT,86800.0,87250.0,85550.0,86630.0,5560800
2025-12-03,FPT,86980.0,86980.0,86090.0,86630.0,6475300
2025-12-04,FPT,86630.0,88330.0,86630.0,87440.0,7387500
2025-12-05,FPT,87440.0,87440.0,86170.0,86260.0,5062500
2025-12-08,FPT,86630.0,87250.0,85640.0,85640.0,5278600
2025-12-09,FPT,85640.0,86980.0,84650.0,86890.0,9961500
2025-12-10,FPT,87070.0,87070.0,85730.0,85730.0,3894100
2025-12-11,FPT,86000.0,86630.0,85730.0,86090.0,5201600
2025-12-12,FPT,86090.0,86090.0,83850.0,84030.0,5519800
2025-12-15,FPT,84200.0,84650.0,83850.0,84120.0,3524800
2025-12-16,FPT,84200.0,85550.0,82500.0,85100.0,6295300
2025-12-17,FPT,84650.0,86350.0,84650.0,86000.0,4967800
2025-12-18,FPT,85640.0,85730.0,84200.0,84650.0,4115500
2025-12-19,FPT,84290.0,85190.0,83940.0,84200.0,4492600
2025-12-22,FPT,84380.0,84560.0,83850.0,84030.0,6142400
2025-12-23,FPT,84290.0,86000.0,83940.0,84290.0,6006900
2025-12-24,FPT,84380.0,84470.0,83490.0,83940.0,3901500
2025-12-25,FPT,83940.0,85010.0,83400.0,83400.0,4565200
2025-12-26,FPT,83130.0,83400.0,81600.0,82950.0,6612400
2025-12-29,FPT,82950.0,85100.0,82950.0,84560.0,6300900
2025-12-30,FPT,84750.0,86630.0,84560.0,86540.0,7271200
2025-12-31,FPT,86800.0,86980.0,85370.0,85910.0,3082600
2026-01-05,FPT,85820.0,85820.0,83570.0,85190.0,7029300
2026-01-06,FPT,84920.0,85010.0,83940.0,84290.0,5397500
2026-01-07,FPT,84380.0,87520.0,84290.0,87440.0,11427400
2026-01-08,FPT,87970.0,87970.0,86540.0,86540.0,5576200
2026-01-09,FPT,86170.0,89580.0,86090.0,87350.0,10048700
2026-01-12,FPT,87880.0,89230.0,87880.0,89230.0,9076600
2026-01-13,FPT,89410.0,91200.0,87790.0,88690.0,9411100
2026-01-14,FPT,88770.0,90660.0,87700.0,89490.0,11900400
2026-01-15,FPT,89490.0,91200.0,88240.0,88330.0,7401400
2026-01-16,FPT,89230.0,94430.0,89230.0,94430.0,23871100
2026-01-19,FPT,97470.0,97470.0,94610.0,94870.0,14710500
2026-01-20,FPT,95150.0,95950.0,93260.0,93350.0,12213100
2026-01-21,FPT,92550.0,95500.0,90660.0,94150.0,14517300
2026-01-22,FPT,94610.0,94870.0,92810.0,92810.0,8095100
2026-01-23,FPT,92900.0,93800.0,90570.0,90570.0,9418000
2026-01-26,FPT,89850.0,91110.0,87880.0,88330.0,11183100
2026-01-27,FPT,89320.0,91920.0,88860.0,91550.0,10585500
2026-01-28,FPT,91830.0,94870.0,91740.0,93710.0,11949800
2026-01-29,FPT,94150.0,96130.0,92990.0,95150.0,14247700
2026-01-30,FPT,95410.0,95410.0,93170.0,93710.0,10833200
2026-02-02,FPT,92640.0,93530.0,91110.0,93530.0,9331400
2026-02-03,FPT,94060.0,94520.0,92270.0,93170.0,9097000
2026-02-04,FPT,92450.0,92810.0,91020.0,91380.0,11639700
2026-02-05,FPT,90750.0,91380.0,88770.0,88770.0,18088600
2026-02-06,FPT,87880.0,89670.0,86720.0,87520.0,9766800
2026-02-09,FPT,88600.0,89140.0,87790.0,88770.0,5108600
2026-02-10,FPT,89580.0,89580.0,87250.0,87700.0,6113500
2026-02-11,FPT,88060.0,89230.0,87350.0,88420.0,5507500
2026-02-12,FPT,88770.0,88950.0,88240.0,88600.0,4125200
2026-02-13,FPT,87970.0,88330.0,86350.0,86350.0,18508400
2026-02-23,FPT,86800.0,86800.0,83490.0,84750.0,22660400
2026-02-24,FPT,84290.0,84290.0,82950.0,82950.0,28539000
2026-02-25,FPT,82680.0,82950.0,79810.0,79900.0,47733100
2026-02-26,FPT,80710.0,82680.0,80620.0,81150.0,17525500
2026-02-27,FPT,81600.0,83850.0,80970.0,83310.0,18705600
2026-03-02,FPT,80800.0,82050.0,80080.0,80350.0,17245400
2026-03-03,FPT,80800.0,81510.0,78020.0,78020.0,16504400
2026-03-04,FPT,77930.0,78020.0,75510.0,76310.0,23755700
2026-03-05,FPT,77560.0,77840.0,75680.0,75680.0,15906800
2026-03-06,FPT,75680.0,75860.0,73080.0,73170.0,23713900
2026-03-09,FPT,68150.0,68780.0,68060.0,68060.0,17633000
2026-03-10,FPT,68510.0,71380.0,68510.0,71290.0,21099200
2026-03-11,FPT,71740.0,72640.0,70220.0,71920.0,10652800
2026-03-12,FPT,70660.0,71020.0,69500.0,69670.0,12722400
2026-03-13,FPT,69140.0,70390.0,68420.0,69050.0,9026000
2026-03-16,FPT,69140.0,71110.0,69140.0,70130.0,8662000
2026-03-17,FPT,71200.0,72910.0,70940.0,71200.0,9218800
2026-03-18,FPT,71740.0,71920.0,70040.0,70480.0,6352700
2026-03-19,FPT,69670.0,69760.0,68690.0,68870.0,11602900
2026-03-20,FPT,68600.0,68600.0,66000.0,66900.0,21423700
2026-03-23,FPT,66090.0,68250.0,64209.99999999999,65550.0,13156200
2026-03-24,FPT,67700.0,68060.0,66450.0,67620.0,5189700
2026-03-25,FPT,68330.0,69050.0,67790.0,69050.0,7429300
2026-03-26,FPT,69050.0,69050.0,66540.0,66540.0,9743400
2026-03-27,FPT,66810.0,68420.0,66350.0,68250.0,9080300
2026-03-30,FPT,66720.0,67440.0,65910.0,66350.0,7814800
2026-03-31,FPT,67160.0,67700.0,66720.0,66990.0,5639200
2026-04-01,FPT,68060.0,68420.0,67250.0,67530.0,8534000
2026-04-02,FPT,67440.0,67440.0,66540.0,66990.0,5224400
2026-04-03,FPT,66990.0,67700.0,66270.0,66350.0,6333100
2026-04-06,FPT,66350.0,66810.0,65910.0,66270.0,4593000
2026-04-07,FPT,66810.0,66810.0,66180.0,66350.0,4713000
2026-04-08,FPT,68150.0,70940.0,67350.0,70940.0,14610000
2026-04-09,FPT,70940.0,71020.0,70040.0,70220.0,6272100
2026-04-10,FPT,70480.0,70850.0,69320.0,69670.0,6099800
2026-04-13,FPT,68960.0,69050.0,68060.0,68150.0,9559100
2026-04-14,FPT,69050.0,69230.0,68150.0,68330.0,7092500
2026-04-15,FPT,68960.0,69050.0,67250.0,67350.0,10047800
2026-04-16,FPT,67790.0,67790.0,66350.0,66450.0,11316400
2026-04-17,FPT,67250.0,69950.0,67160.0,68150.0,12349600
2026-04-20,FPT,68420.0,69050.0,68250.0,68960.0,6876800
2026-04-21,FPT,69050.0,69410.0,67350.0,67350.0,7119000
2026-04-22,FPT,67700.0,67700.0,66450.0,66900.0,8145000
2026-04-23,FPT,67250.0,68150.0,66450.0,66630.0,7968500
2026-04-24,FPT,66350.0,66450.0,65650.0,65820.0,10459800
2026-04-28,FPT,65820.0,66720.0,65370.00000000001,66720.0,9503800
2026-04-29,FPT,65820.0,67700.0,65820.0,67700.0,9163000
2026-05-04,FPT,67160.0,67350.0,66000.0,66090.0,8285900
2026-05-05,FPT,66090.0,66810.0,65280.0,66630.0,6841400
2026-05-06,FPT,66540.0,66540.0,65459.99999999999,65730.0,9455600
2026-05-07,FPT,66270.0,66630.0,65459.99999999999,65459.99999999999,10186100
2026-05-08,FPT,65650.0,65730.0,64470.0,64470.0,13444300
2026-05-11,FPT,64300.0,64300.0,62770.0,62770.0,16909100
2026-05-12,FPT,62860.0,64120.00000000001,62770.0,63310.0,8533300
2026-05-13,FPT,63310.0,64120.00000000001,62770.0,63400.0,11517600
2026-05-14,FPT,63750.0,67530.0,63670.0,66270.0,21565500
2026-05-15,FPT,66540.0,66540.0,65190.0,65370.00000000001,6386100
2026-05-18,FPT,65370.00000000001,67530.0,64560.0,67160.0,18323700
2026-05-19,FPT,67250.0,67970.0,66630.0,66810.0,11279900
2026-05-20,FPT,67070.0,70390.0,65280.0,69670.0,25976600
2026-05-21,FPT,69670.0,69850.0,67880.0,68600.0,11809100
2026-05-22,FPT,68870.0,69590.0,67350.0,67350.0,11668800
2026-05-25,FPT,66900.0,67790.0,65910.0,65910.0,10441000
2026-05-26,FPT,66000.0,66900.0,66000.0,66810.0,5104800
2026-05-27,FPT,66810.0,67530.0,65550.0,66000.0,9176300
2026-05-28,FPT,66180.0,66450.0,64730.00000000001,64730.00000000001,10646900
2026-05-29,FPT,64730.00000000001,65910.0,64360.0,65090.0,5446700
2026-06-01,FPT,65640.0,66730.0,65550.0,66270.0,5972700
2026-06-02,FPT,66360.0,68730.0,66360.0,68000.0,17368000
2026-06-03,FPT,68270.0,70640.0,68180.0,69550.0,25278600
2026-06-04,FPT,69730.0,70180.0,68910.0,69180.0,11304700
2026-06-05,FPT,69090.0,69090.0,67550.0,68180.0,11218100
2026-06-08,FPT,67000.0,67730.0,66180.0,66270.0,10914200
2026-06-09,FPT,66730.0,67450.0,66000.0,67000.0,7772300
2026-06-10,FPT,66820.0,67730.0,66820.0,67450.0,4736000
2026-06-11,FPT,67180.0,67180.0,66450.0,66450.0,3507300
2026-06-12,FPT,66910.0,67550.0,66820.0,66820.0,5688200
2026-06-15,FPT,67640.0,68360.0,66820.0,66910.0,6422700
2026-06-16,FPT,67000.0,67450.0,66450.0,66550.0,5819800
2026-06-17,FPT,66640.0,66730.0,65640.0,65730.0,10652200
2026-06-18,FPT,65730.0,65730.0,65000.0,65090.0,13665800
2026-06-19,FPT,65090.0,65269.99999999999,64360.0,65000.0,14295100
2026-06-22,FPT,65000.0,65180.00000000001,63910.0,64180.00000000001,9260100
2026-06-23,FPT,64450.0,65269.99999999999,64269.99999999999,64360.0,5737500
2026-06-24,FPT,64550.0,64730.00000000001,63730.0,64360.0,5968500
2026-06-25,FPT,64550.0,65180.00000000001,64360.0,64550.0,6592100
2026-06-26,FPT,64819.99999999999,64819.99999999999,63910.0,64360.0,4333200
2026-06-29,FPT,64269.99999999999,64360.0,63820.0,64000.0,4618200
2026-06-30,FPT,64090.0,64360.0,63820.0,63820.0,6075800
2026-07-01,FPT,64000.0,66550.0,63910.0,66270.0,11630500
2026-07-02,FPT,66270.0,66640.0,65910.0,65910.0,5690500
2026-07-03,FPT,65910.0,66450.0,65180.00000000001,65730.0,7490500
2026-07-06,FPT,65820.0,67270.0,65360.0,66360.0,11200200
2026-07-07,FPT,66360.0,67000.0,65910.0,66550.0,4557200
2026-07-08,FPT,65820.0,66180.0,65000.0,65550.0,6741600
2026-07-09,FPT,65269.99999999999,66360.0,65180.00000000001,65550.0,4441900
2026-07-10,FPT,65450.0,65730.0,64180.00000000001,64180.00000000001,7937300
2026-07-13,FPT,63910.0,64819.99999999999,63820.0,64090.0,7738400
2026-07-14,FPT,63910.0,64450.0,63640.0,63910.0,6626800
2026-07-15,FPT,64000.0,64000.0,60730.0,60730.0,21271900
2026-07-16,FPT,60640.0,61820.0,58820.0,61820.0,13030600
2026-07-17,FPT,62090.0,62180.0,60910.0,60910.0,3987800
2026-07-20,FPT,60820.0,61550.0,60090.0,61000.0,7346800
2026-07-21,FPT,60450.0,61730.0,58910.0,58910.0,7540400
2026-07-22,FPT,59090.0,61360.0,58730.0,58730.0,10060700
2026-07-23,FPT,59090.0,59730.0,58360.0,58820.0,6287300
2026-07-24,FPT,58450.0,58640.0,57090.0,57180.0,5804800
2026-07-27,FPT,57360.0,57910.0,56550.0,56550.0,4449500
2026-07-28,FPT,56270.0,57910.0,55910.0,57270.0,5399400
2026-07-29,FPT,57270.0,59360.0,56820.0,59180.0,6114000
2026-07-30,FPT,59270.0,61090.0,58910.0,60910.0,7571500
2026-07-31,FPT,61090.0,61730.0,60450.0,61000.0,6253600
2026-08-03,FPT,61270.0,65180.00000000001,61180.0,65180.00000000001,16279100
2026-08-04,FPT,65820.0,66640.0,64819.99999999999,65000.0,6584300
2026-08-05,FPT,65640.0,65640.0,63820.0,63910.0,6877600
2026-08-06,FPT,64000.0,64910.0,64000.0,64269.99999999999,4629700
2026-08-07,FPT,64640.0,65180.00000000001,63910.0,64360.0,4301800
2026-08-10,FPT,64450.0,65450.0,64269.99999999999,65269.99999999999,5252100
2026-08-11,FPT,65090.0,66450.0,64550.0,64730.00000000001,6936800
2026-08-12,FPT,64730.00000000001,65360.0,64180.00000000001,64360.0,3685600
2026-08-13,FPT,64550.0,64819.99999999999,62910.0,62910.0,7458000
2026-08-14,FPT,63000.0,63270.0,61820.0,62090.0,7123800
2026-08-17,FPT,62180.0,63090.0,62180.0,62550.0,4104500
2026-08-18,FPT,62550.0,63000.0,62000.0,62730.0,3383800
2026-08-19,FPT,62730.0,62910.0,62360.0,62640.0,1821000
2026-08-20,FPT,62820.0,63910.0,62820.0,63450.0,4468100
2026-08-21,FPT,63550.0,65450.0,63180.0,65450.0,7035800
2026-08-24,FPT,65910.0,66090.0,64910.0,64910.0,4611900
2026-08-25,FPT,64910.0,65450.0,64269.99999999999,64269.99999999999,4690000
2026-08-26,FPT,64269.99999999999,66270.0,64269.99999999999,66000.0,10161300
2026-08-27,FPT,66000.0,66090.0,65640.0,65640.0,3542900
2026-08-28,FPT,65640.0,67270.0,65640.0,66550.0,10196800
2026-09-03,FPT,66360.0,66360.0,65450.0,65640.0,4098200
2026-09-04,FPT,65910.0,66360.0,65820.0,66180.0,3549500
2026-09-07,FPT,66360.0,67090.0,65640.0,65820.0,7020200
2026-09-08,FPT,65820.0,65910.0,65450.0,65640.0,4273000
2026-09-09,FPT,65730.0,66360.0,65550.0,65820.0,3680300
2026-09-10,FPT,65730.0,68000.0,65640.0,67730.0,11936600
2026-09-11,FPT,67640.0,67640.0,66090.0,66090.0,5655200
2026-09-14,FPT,66180.0,66910.0,65450.0,65820.0,4860300
2026-09-15,FPT,66090.0,66730.0,65910.0,66090.0,3977500
2026-09-16,FPT,66180.0,67090.0,65000.0,67090.0,7748100
2026-09-17,FPT,66640.0,67550.0,66000.0,67550.0,6626700
2026-09-18,FPT,67730.0,68000.0,65180.00000000001,65180.00000000001,15500700
2026-09-21,FPT,66500.0,66800.0,65000.0,66400.0,8401600
2026-09-22,FPT,66600.0,67000.0,66200.0,66600.0,4905000
2026-09-23,FPT,66600.0,67000.0,66100.0,66100.0,3557500
2026-09-24,FPT,66000.0,66200.0,65099.99999999999,65300.0,4350900
2026-09-25,FPT,65500.0,65900.0,64599.99999999999,64700.0,3543900
2026-09-28,FPT,64700.0,64800.0,63000.0,63700.0,5148700
2026-09-29,FPT,63700.0,64099.99999999999,63100.0,63200.0,3118000
2026-09-30,FPT,63400.0,64000.0,63000.0,63000.0,3041400
2026-10-01,FPT,63000.0,63100.0,62600.0,62700.0,3413000
2026-10-02,FPT,62700.0,63200.0,62100.0,62100.0,3199600
2026-10-05,FPT,62200.0,62800.0,61900.0,61900.0,2513400
2026-10-06,FPT,62000.0,62200.0,60000.0,60400.0,8214700
2026-10-07,FPT,60400.0,61300.0,59700.0,59700.0,5438300
2026-10-08,FPT,59500.0,61500.0,58900.0,59700.0,6574800
